,Age,Gender,Level of Education,University,Entrepreneurial Inclination,EI1,EI2,EI3,EI4,EI5,EE1,EE2,EE3,EE4,EE5,EM1,EM2,EM3,EM4,EM5,GSP1,GSP2,GSP3,PCS1,PCS2,PCS3,PCS4,PCS5,Fin1,Fin2,Fin3,Fin4,Fin5,FoF1,FoF2,Target
0,1.0,1.0,1,1.0,2.0,7.0,7.0,7.0,7.0,7.0,7.0,6.0,7.0,6.0,6.0,6.0,5.0,6.0,5.0,7.0,7.0,5.0,7.0,7.0,6.0,4.0,6.0,5.0,6.0,6.0,4.0,6.0,7.0,7.0,6.0,6
1,2.0,1.0,1,1.0,2.0,7.0,7.0,7.0,7.0,7.0,5.0,4.0,7.0,5.0,7.0,5.0,7.0,5.0,6.0,7.0,5.0,6.0,6.0,5.0,6.0,6.0,3.0,4.0,6.0,5.0,5.0,5.0,7.0,5.0,4.0,5
2,2.0,1.0,2,3.0,2.0,7.0,7.0,7.0,7.0,7.0,6.0,5.0,5.0,4.0,5.0,7.0,7.0,6.0,7.0,7.0,6.0,6.0,7.0,7.0,6.0,5.0,7.0,5.0,3.0,2.0,1.0,3.0,3.0,6.0,7.0,7
3,2.0,1.0,2,2.0,2.0,7.0,7.0,7.0,7.0,7.0,7.0,7.0,5.0,5.0,6.0,5.0,7.0,3.0,5.0,4.0,5.0,6.0,5.0,6.0,6.0,6.0,6.0,5.0,5.0,5.0,6.0,5.0,5.0,5.0,4.0,5
4,2.0,1.0,2,3.0,1.0,5.0,4.0,7.0,7.0,6.0,5.0,6.0,5.0,4.0,7.0,6.0,7.0,7.0,6.0,7.0,3.0,5.0,7.0,4.0,4.0,4.0,3.0,5.0,2.0,3.0,3.0,4.0,1.0,3.0,4.0,1
5,2.0,1.0,2,3.0,1.0,5.0,4.0,7.0,7.0,6.0,5.0,6.0,5.0,4.0,7.0,6.0,7.0,7.0,6.0,7.0,3.0,5.0,7.0,4.0,4.0,4.0,3.0,5.0,2.0,3.0,3.0,4.0,1.0,3.0,4.0,1
6,2.0,1.0,2,3.0,2.0,5.0,5.0,5.0,5.0,5.0,3.0,4.0,5.0,3.0,3.0,5.0,5.0,5.0,5.0,5.0,5.0,2.0,3.0,5.0,5.0,5.0,5.0,5.0,5.0,4.0,5.0,4.0,4.0,3.0,4.0,3
7,2.0,1.0,2,2.0,1.0,5.0,1.0,4.0,1.0,2.0,6.0,6.0,6.0,6.0,5.0,3.0,2.0,3.0,3.0,3.0,5.0,4.0,4.0,4.0,4.0,3.0,4.0,4.0,4.0,4.0,4.0,4.0,5.0,4.0,6.0,5
8,2.0,2.0,2,3.0,2.0,7.0,6.0,6.0,7.0,6.0,5.0,5.0,5.0,5.0,5.0,7.0,6.0,6.0,6.0,6.0,4.0,5.0,5.0,5.0,5.0,6.0,5.0,6.0,4.0,5.0,5.0,5.0,4.0,6.0,4.0,4
9,2.0,1.0,2,1.0,1.0,4.0,4.0,2.0,5.0,5.0,3.0,4.0,4.0,5.0,3.0,4.0,5.0,4.0,4.0,5.0,5.0,5.0,4.0,4.0,4.0,4.0,3.0,5.0,4.0,5.0,6.0,5.0,4.0,4.0,5.0,5
10,1.0,1.0,2,3.0,2.0,1.0,4.0,4.0,7.0,7.0,5.0,5.0,4.0,7.0,1.0,5.0,5.0,6.0,5.0,5.0,5.0,5.0,4.0,1.0,4.0,4.0,5.0,5.0,5.0,5.0,5.0,5.0,5.0,5.0,5.0,5
11,2.0,1.0,2,3.0,2.0,5.0,6.0,6.0,6.0,7.0,7.0,7.0,5.0,7.0,7.0,6.0,5.0,5.0,5.0,4.0,5.0,5.0,5.0,5.0,6.0,5.0,6.0,5.0,5.0,5.0,5.0,5.0,5.0,5.0,7.0,7
12,1.0,1.0,1,3.0,2.0,6.0,6.0,6.0,6.0,6.0,7.0,7.0,6.0,6.0,5.0,6.0,7.0,6.0,7.0,7.0,4.0,5.0,5.0,6.0,5.0,6.0,6.0,6.0,4.0,5.0,6.0,5.0,5.0,3.0,1.0,2
13,1.0,1.0,1,3.0,1.0,6.0,6.0,6.0,6.0,6.0,7.0,7.0,6.0,6.0,5.0,6.0,7.0,6.0,7.0,7.0,4.0,5.0,5.0,6.0,5.0,6.0,6.0,6.0,4.0,5.0,6.0,5.0,5.0,3.0,1.0,2
14,1.0,1.0,1,3.0,2.0,6.0,6.0,6.0,6.0,6.0,7.0,7.0,6.0,6.0,5.0,6.0,7.0,6.0,7.0,7.0,4.0,5.0,5.0,6.0,5.0,6.0,6.0,6.0,4.0,5.0,6.0,5.0,5.0,3.0,1.0,2
15,2.0,1.0,2,1.0,1.0,7.0,7.0,7.0,7.0,7.0,6.0,6.0,5.0,5.0,5.0,6.0,6.0,6.0,6.0,6.0,1.0,1.0,1.0,5.0,5.0,4.0,5.0,5.0,7.0,2.0,3.0,3.0,4.0,6.0,5.0,4
16,2.0,2.0,2,1.0,2.0,6.0,5.0,2.0,3.0,3.0,5.0,6.0,7.0,7.0,6.0,6.0,6.0,7.0,7.0,6.0,7.0,6.0,7.0,6.0,6.0,6.0,6.0,6.0,5.0,6.0,5.0,6.0,6.0,6.0,4.0,4
17,2.0,1.0,2,2.0,1.0,7.0,6.0,7.0,7.0,6.0,5.0,5.0,4.0,3.0,3.0,6.0,6.0,7.0,6.0,6.0,3.0,3.0,3.0,4.0,4.0,6.0,6.0,6.0,5.0,6.0,6.0,5.0,5.0,2.0,1.0,1
18,2.0,1.0,2,2.0,2.0,6.0,5.0,5.0,6.0,7.0,5.0,5.0,6.0,6.0,6.0,5.0,6.0,5.0,6.0,6.0,6.0,5.0,5.0,5.0,6.0,6.0,5.0,6.0,6.0,5.0,6.0,6.0,6.0,6.0,5.0,6
19,2.0,2.0,1,1.0,2.0,6.0,5.0,5.0,4.0,6.0,5.0,5.0,5.0,5.0,5.0,6.0,6.0,6.0,6.0,6.0,3.0,2.0,3.0,3.0,3.0,4.0,3.0,3.0,1.0,3.0,3.0,3.0,3.0,5.0,5.0,5
20,2.0,1.0,2,3.0,2.0,5.0,2.0,5.0,7.0,7.0,6.0,6.0,4.0,7.0,5.0,6.0,7.0,7.0,7.0,7.0,5.0,4.0,6.0,6.0,6.0,7.0,6.0,3.0,4.0,7.0,4.0,5.0,6.0,6.0,6.0,5
21,2.0,1.0,1,3.0,2.0,7.0,7.0,7.0,7.0,7.0,7.0,7.0,7.0,7.0,7.0,7.0,7.0,7.0,7.0,7.0,5.0,3.0,3.0,4.0,4.0,5.0,5.0,4.0,5.0,4.0,5.0,5.0,5.0,1.0,2.0,2
22,1.0,1.0,2,3.0,2.0,7.0,6.0,4.0,5.0,4.0,6.0,5.0,5.0,5.0,3.0,6.0,5.0,7.0,3.0,5.0,4.0,6.0,5.0,6.0,5.0,4.0,5.0,5.0,5.0,5.0,5.0,4.0,5.0,6.0,5.0,6
23,1.0,1.0,2,3.0,1.0,5.0,5.0,7.0,7.0,5.0,6.0,5.0,4.0,3.0,7.0,6.0,5.0,6.0,5.0,5.0,6.0,6.0,5.0,5.0,5.0,5.0,4.0,6.0,7.0,6.0,2.0,6.0,6.0,5.0,5.0,5
24,2.0,1.0,2,3.0,1.0,7.0,7.0,7.0,7.0,7.0,7.0,7.0,7.0,7.0,4.0,7.0,7.0,7.0,7.0,7.0,5.0,7.0,7.0,7.0,4.0,4.0,7.0,1.0,2.0,5.0,3.0,3.0,1.0,7.0,4.0,3
25,2.0,1.0,2,3.0,2.0,7.0,7.0,7.0,7.0,7.0,7.0,7.0,4.0,7.0,7.0,7.0,7.0,7.0,7.0,7.0,7.0,7.0,7.0,7.0,7.0,7.0,7.0,7.0,7.0,7.0,7.0,7.0,7.0,7.0,7.0,7
26,3.0,2.0,2,1.0,1.0,5.0,5.0,5.0,6.0,3.0,4.0,5.0,5.0,5.0,5.0,5.0,4.0,6.0,5.0,5.0,4.0,5.0,5.0,5.0,6.0,4.0,5.0,5.0,6.0,5.0,5.0,5.0,4.0,3.0,3.0,4
27,2.0,1.0,2,1.0,2.0,3.0,1.0,2.0,1.0,1.0,7.0,7.0,6.0,6.0,7.0,2.0,3.0,2.0,3.0,4.0,6.0,2.0,5.0,3.0,5.0,1.0,1.0,3.0,3.0,7.0,2.0,5.0,4.0,2.0,1.0,2
28,3.0,2.0,2,2.0,2.0,7.0,7.0,7.0,7.0,7.0,6.0,6.0,5.0,6.0,6.0,6.0,6.0,6.0,3.0,7.0,5.0,5.0,5.0,5.0,4.0,7.0,6.0,6.0,5.0,6.0,6.0,6.0,5.0,6.0,2.0,4
29,1.0,1.0,2,2.0,2.0,4.0,3.0,5.0,5.0,4.0,4.0,4.0,4.0,2.0,1.0,3.0,5.0,2.0,3.0,2.0,1.0,1.0,1.0,4.0,4.0,3.0,4.0,2.0,1.0,1.0,1.0,1.0,2.0,3.0,4.0,5
30,1.0,1.0,1,1.0,1.0,7.0,7.0,7.0,7.0,7.0,7.0,7.0,4.0,6.0,5.0,7.0,5.0,7.0,7.0,6.0,7.0,5.0,5.0,6.0,6.0,5.0,7.0,7.0,7.0,6.0,7.0,6.0,6.0,7.0,7.0,7
31,1.0,2.0,1,2.0,2.0,4.0,1.0,1.0,1.0,3.0,3.0,3.0,4.0,3.0,3.0,2.0,1.0,1.0,1.0,1.0,3.0,2.0,3.0,3.0,3.0,2.0,2.0,2.0,2.0,3.0,2.0,3.0,3.0,3.0,2.0,4
32,2.0,1.0,2,2.0,2.0,1.0,1.0,1.0,1.0,1.0,6.0,4.0,2.0,5.0,5.0,1.0,1.0,1.0,1.0,1.0,5.0,6.0,6.0,4.0,4.0,4.0,3.0,4.0,4.0,5.0,4.0,5.0,5.0,4.0,4.0,4
33,2.0,2.0,2,2.0,2.0,6.0,5.0,7.0,7.0,7.0,3.0,4.0,2.0,3.0,2.0,6.0,7.0,5.0,6.0,7.0,2.0,5.0,5.0,3.0,3.0,3.0,5.0,5.0,5.0,4.0,6.0,4.0,4.0,5.0,4.0,5
34,3.0,2.0,2,1.0,2.0,2.0,2.0,2.0,2.0,3.0,6.0,6.0,5.0,6.0,6.0,3.0,2.0,7.0,3.0,3.0,6.0,6.0,6.0,6.0,6.0,6.0,6.0,6.0,6.0,7.0,7.0,6.0,6.0,6.0,6.0,6
35,3.0,2.0,2,1.0,2.0,2.0,3.0,3.0,2.0,3.0,4.0,4.0,4.0,4.0,5.0,4.0,6.0,4.0,4.0,5.0,4.0,5.0,5.0,5.0,6.0,6.0,5.0,5.0,4.0,4.0,5.0,4.0,3.0,5.0,4.0,4
36,2.0,2.0,2,1.0,2.0,4.0,4.0,4.0,4.0,4.0,6.0,6.0,4.0,4.0,6.0,4.0,4.0,4.0,4.0,4.0,4.0,4.0,4.0,4.0,4.0,4.0,4.0,4.0,4.0,5.0,4.0,4.0,4.0,4.0,4.0,4
37,2.0,1.0,1,1.0,1.0,7.0,7.0,7.0,7.0,7.0,7.0,7.0,7.0,7.0,7.0,7.0,7.0,7.0,7.0,7.0,7.0,7.0,4.0,4.0,4.0,4.0,4.0,7.0,4.0,4.0,7.0,7.0,7.0,1.0,1.0,1
38,1.0,1.0,1,3.0,2.0,7.0,7.0,7.0,7.0,7.0,4.0,4.0,4.0,5.0,5.0,6.0,6.0,6.0,6.0,7.0,4.0,5.0,4.0,4.0,4.0,4.0,4.0,4.0,4.0,5.0,5.0,4.0,4.0,6.0,6.0,6
39,3.0,1.0,2,1.0,2.0,6.0,7.0,7.0,6.0,7.0,5.0,5.0,4.0,5.0,3.0,7.0,7.0,5.0,4.0,7.0,3.0,1.0,5.0,1.0,2.0,4.0,5.0,4.0,1.0,1.0,2.0,4.0,7.0,5.0,3.0,2
40,2.0,1.0,2,1.0,2.0,5.0,4.0,5.0,6.0,7.0,5.0,3.0,5.0,5.0,6.0,5.0,5.0,5.0,4.0,6.0,5.0,5.0,5.0,3.0,4.0,4.0,4.0,4.0,6.0,4.0,4.0,4.0,4.0,4.0,5.0,5
41,2.0,2.0,2,2.0,2.0,5.0,2.0,2.0,2.0,6.0,4.0,4.0,6.0,6.0,7.0,5.0,5.0,6.0,6.0,6.0,4.0,5.0,6.0,5.0,6.0,4.0,3.0,4.0,3.0,3.0,3.0,3.0,3.0,5.0,4.0,3
42,3.0,1.0,2,2.0,1.0,7.0,7.0,7.0,7.0,7.0,5.0,6.0,6.0,5.0,6.0,7.0,7.0,7.0,5.0,7.0,4.0,3.0,3.0,5.0,5.0,5.0,5.0,4.0,3.0,3.0,5.0,3.0,4.0,4.0,2.0,3
43,3.0,2.0,1,1.0,2.0,7.0,6.0,7.0,7.0,6.0,4.0,4.0,5.0,7.0,6.0,5.0,6.0,5.0,7.0,7.0,5.0,5.0,4.0,5.0,6.0,6.0,5.0,5.0,3.0,6.0,3.0,4.0,4.0,4.0,4.0,5
44,2.0,2.0,2,1.0,1.0,6.0,6.0,7.0,7.0,7.0,6.0,7.0,7.0,7.0,6.0,7.0,5.0,7.0,7.0,7.0,4.0,5.0,6.0,7.0,5.0,5.0,6.0,6.0,3.0,3.0,3.0,3.0,3.0,5.0,2.0,1
45,3.0,2.0,2,1.0,1.0,7.0,7.0,7.0,7.0,7.0,7.0,7.0,7.0,7.0,7.0,4.0,4.0,7.0,7.0,7.0,1.0,3.0,3.0,5.0,5.0,5.0,5.0,5.0,4.0,4.0,5.0,5.0,5.0,7.0,7.0,7
46,3.0,1.0,2,1.0,1.0,7.0,7.0,7.0,7.0,7.0,7.0,6.0,7.0,7.0,7.0,7.0,7.0,7.0,7.0,7.0,6.0,6.0,6.0,6.0,6.0,6.0,6.0,6.0,6.0,6.0,6.0,6.0,6.0,6.0,5.0,6
47,3.0,1.0,2,1.0,2.0,7.0,7.0,7.0,7.0,7.0,7.0,6.0,7.0,7.0,7.0,7.0,7.0,7.0,7.0,7.0,6.0,6.0,6.0,6.0,6.0,6.0,6.0,6.0,6.0,6.0,6.0,6.0,6.0,6.0,5.0,6
48,2.0,1.0,2,3.0,2.0,6.0,7.0,7.0,6.0,7.0,5.0,5.0,3.0,4.0,4.0,6.0,5.0,6.0,6.0,7.0,3.0,3.0,3.0,5.0,5.0,5.0,4.0,5.0,5.0,5.0,5.0,5.0,5.0,4.0,3.0,3
49,2.0,2.0,2,1.0,2.0,5.0,2.0,3.0,3.0,4.0,4.0,3.0,3.0,4.0,4.0,3.0,5.0,3.0,6.0,5.0,3.0,3.0,5.0,5.0,4.0,3.0,3.0,5.0,5.0,5.0,5.0,4.0,4.0,6.0,6.0,6
50,3.0,1.0,2,1.0,2.0,7.0,7.0,6.0,6.0,7.0,5.0,5.0,5.0,4.0,3.0,6.0,6.0,6.0,4.0,5.0,4.0,4.0,4.0,4.0,4.0,3.0,4.0,3.0,3.0,4.0,5.0,4.0,3.0,3.0,2.0,2
51,3.0,1.0,2,1.0,2.0,3.0,3.0,4.0,3.0,3.0,6.0,6.0,6.0,6.0,7.0,5.0,4.0,4.0,5.0,4.0,6.0,6.0,5.0,5.0,6.0,6.0,6.0,6.0,6.0,6.0,6.0,5.0,6.0,5.0,5.0,3
52,2.0,2.0,2,1.0,2.0,5.0,5.0,5.0,5.0,3.0,3.0,3.0,4.0,3.0,3.0,4.0,4.0,3.0,4.0,6.0,4.0,2.0,3.0,4.0,5.0,4.0,4.0,3.0,3.0,4.0,4.0,4.0,3.0,7.0,5.0,5
53,3.0,1.0,2,1.0,1.0,7.0,7.0,7.0,7.0,7.0,5.0,5.0,4.0,4.0,4.0,7.0,7.0,4.0,7.0,7.0,3.0,1.0,2.0,3.0,3.0,3.0,3.0,1.0,3.0,1.0,5.0,1.0,4.0,5.0,5.0,6
54,2.0,2.0,2,1.0,1.0,6.0,6.0,6.0,6.0,7.0,6.0,6.0,5.0,6.0,6.0,7.0,6.0,6.0,7.0,6.0,5.0,5.0,6.0,5.0,5.0,5.0,6.0,5.0,4.0,4.0,4.0,3.0,4.0,6.0,3.0,3
55,2.0,1.0,2,1.0,2.0,6.0,5.0,5.0,5.0,6.0,4.0,5.0,5.0,5.0,5.0,4.0,6.0,6.0,6.0,6.0,4.0,5.0,3.0,3.0,4.0,4.0,4.0,5.0,4.0,4.0,5.0,4.0,5.0,2.0,2.0,2
56,2.0,2.0,2,1.0,2.0,1.0,1.0,1.0,1.0,1.0,5.0,5.0,7.0,7.0,6.0,2.0,3.0,3.0,3.0,4.0,2.0,5.0,6.0,7.0,7.0,7.0,7.0,7.0,5.0,5.0,6.0,6.0,6.0,7.0,6.0,6
57,2.0,1.0,2,1.0,2.0,4.0,3.0,2.0,4.0,6.0,4.0,3.0,3.0,3.0,3.0,4.0,6.0,3.0,4.0,6.0,4.0,4.0,4.0,4.0,4.0,6.0,5.0,4.0,4.0,4.0,3.0,3.0,4.0,5.0,4.0,5
58,2.0,1.0,2,2.0,2.0,7.0,5.0,6.0,6.0,6.0,6.0,6.0,6.0,6.0,5.0,7.0,7.0,7.0,7.0,7.0,4.0,5.0,5.0,5.0,4.0,5.0,5.0,6.0,5.0,6.0,5.0,5.0,5.0,7.0,7.0,7
59,2.0,2.0,2,2.0,2.0,7.0,7.0,7.0,7.0,7.0,7.0,7.0,7.0,7.0,7.0,7.0,7.0,7.0,7.0,7.0,7.0,7.0,7.0,7.0,7.0,7.0,7.0,7.0,7.0,7.0,7.0,7.0,7.0,1.0,1.0,1
60,2.0,2.0,1,1.0,2.0,5.0,1.0,1.0,5.0,4.0,5.0,6.0,4.0,4.0,2.0,4.0,4.0,7.0,7.0,5.0,2.0,2.0,3.0,5.0,5.0,6.0,3.0,2.0,3.0,3.0,3.0,3.0,4.0,7.0,6.0,5
61,3.0,1.0,2,1.0,1.0,5.0,7.0,7.0,7.0,7.0,5.0,6.0,4.0,5.0,5.0,5.0,3.0,4.0,4.0,4.0,3.0,2.0,5.0,5.0,4.0,4.0,4.0,4.0,5.0,5.0,3.0,4.0,5.0,4.0,5.0,6
62,1.0,1.0,1,2.0,1.0,5.0,3.0,7.0,7.0,6.0,6.0,4.0,6.0,6.0,5.0,5.0,5.0,5.0,4.0,6.0,4.0,4.0,5.0,5.0,4.0,4.0,4.0,4.0,5.0,5.0,5.0,5.0,4.0,2.0,1.0,1
63,1.0,2.0,1,2.0,1.0,7.0,6.0,6.0,6.0,7.0,4.0,5.0,4.0,4.0,5.0,7.0,7.0,7.0,7.0,7.0,4.0,3.0,4.0,4.0,4.0,3.0,5.0,5.0,4.0,5.0,7.0,6.0,6.0,5.0,1.0,2
64,1.0,2.0,1,2.0,2.0,7.0,7.0,5.0,7.0,7.0,7.0,7.0,7.0,7.0,7.0,7.0,7.0,5.0,7.0,7.0,5.0,5.0,5.0,7.0,7.0,7.0,7.0,7.0,7.0,7.0,7.0,7.0,7.0,5.0,6.0,5
65,1.0,2.0,1,2.0,1.0,7.0,7.0,7.0,7.0,7.0,6.0,5.0,6.0,3.0,6.0,6.0,7.0,7.0,7.0,7.0,4.0,4.0,4.0,6.0,3.0,7.0,4.0,4.0,3.0,1.0,1.0,5.0,4.0,4.0,2.0,3
66,1.0,1.0,1,2.0,1.0,6.0,6.0,4.0,4.0,6.0,6.0,5.0,5.0,5.0,5.0,7.0,7.0,7.0,7.0,7.0,4.0,1.0,1.0,4.0,4.0,4.0,4.0,4.0,3.0,4.0,3.0,3.0,3.0,7.0,7.0,7
67,1.0,1.0,1,2.0,1.0,6.0,7.0,6.0,7.0,6.0,4.0,4.0,5.0,4.0,4.0,6.0,6.0,6.0,6.0,7.0,5.0,5.0,5.0,6.0,6.0,6.0,6.0,4.0,6.0,6.0,6.0,6.0,6.0,2.0,3.0,2
68,2.0,2.0,1,2.0,1.0,6.0,4.0,4.0,4.0,3.0,5.0,4.0,5.0,4.0,4.0,5.0,6.0,3.0,6.0,7.0,2.0,1.0,3.0,3.0,3.0,3.0,3.0,5.0,3.0,3.0,3.0,3.0,2.0,6.0,6.0,5
69,1.0,1.0,1,2.0,2.0,7.0,7.0,7.0,7.0,7.0,5.0,6.0,5.0,6.0,5.0,7.0,7.0,6.0,7.0,7.0,5.0,5.0,5.0,5.0,4.0,5.0,5.0,4.0,4.0,4.0,6.0,5.0,5.0,4.0,3.0,3
70,1.0,1.0,1,2.0,2.0,4.0,5.0,5.0,6.0,4.0,4.0,5.0,4.0,5.0,4.0,3.0,4.0,5.0,3.0,5.0,4.0,6.0,5.0,6.0,4.0,3.0,4.0,3.0,7.0,3.0,4.0,6.0,6.0,3.0,5.0,4
71,1.0,1.0,1,2.0,1.0,3.0,3.0,3.0,3.0,3.0,4.0,4.0,4.0,4.0,4.0,4.0,4.0,4.0,4.0,4.0,4.0,4.0,4.0,4.0,4.0,4.0,4.0,4.0,4.0,4.0,4.0,4.0,4.0,4.0,4.0,4
72,1.0,2.0,1,2.0,1.0,7.0,7.0,7.0,5.0,5.0,3.0,3.0,4.0,3.0,6.0,4.0,5.0,5.0,6.0,7.0,3.0,5.0,6.0,4.0,5.0,5.0,6.0,6.0,6.0,5.0,5.0,6.0,6.0,7.0,6.0,5
73,1.0,1.0,1,3.0,2.0,4.0,5.0,5.0,7.0,7.0,7.0,7.0,5.0,4.0,4.0,7.0,7.0,7.0,4.0,7.0,4.0,5.0,5.0,4.0,4.0,5.0,5.0,5.0,5.0,5.0,4.0,4.0,4.0,4.0,6.0,5
74,1.0,1.0,1,2.0,1.0,3.0,5.0,3.0,6.0,4.0,7.0,5.0,5.0,5.0,6.0,5.0,4.0,7.0,5.0,7.0,5.0,6.0,5.0,5.0,3.0,5.0,6.0,4.0,5.0,5.0,4.0,7.0,5.0,6.0,5.0,6
75,1.0,1.0,1,2.0,1.0,7.0,4.0,4.0,4.0,4.0,4.0,4.0,4.0,4.0,4.0,4.0,4.0,4.0,4.0,4.0,4.0,4.0,4.0,4.0,4.0,4.0,4.0,4.0,4.0,4.0,4.0,4.0,4.0,4.0,4.0,4
76,1.0,1.0,1,2.0,2.0,7.0,7.0,7.0,7.0,7.0,5.0,4.0,6.0,6.0,6.0,7.0,7.0,5.0,7.0,7.0,5.0,4.0,6.0,6.0,4.0,4.0,4.0,4.0,6.0,4.0,7.0,5.0,7.0,6.0,6.0,7
77,1.0,1.0,1,2.0,2.0,7.0,5.0,5.0,5.0,6.0,5.0,5.0,6.0,6.0,6.0,5.0,4.0,5.0,6.0,5.0,4.0,4.0,4.0,5.0,6.0,7.0,6.0,7.0,6.0,6.0,6.0,6.0,7.0,5.0,6.0,6
78,2.0,2.0,2,2.0,1.0,7.0,7.0,7.0,7.0,7.0,5.0,5.0,5.0,4.0,4.0,7.0,7.0,7.0,7.0,7.0,4.0,4.0,5.0,7.0,7.0,7.0,7.0,7.0,7.0,7.0,4.0,4.0,7.0,3.0,2.0,2
79,2.0,1.0,1,2.0,2.0,4.0,5.0,7.0,7.0,7.0,4.0,5.0,3.0,4.0,4.0,4.0,5.0,5.0,6.0,5.0,1.0,5.0,4.0,7.0,4.0,7.0,5.0,7.0,2.0,3.0,4.0,3.0,5.0,6.0,6.0,5
80,1.0,1.0,1,2.0,1.0,4.0,4.0,5.0,7.0,6.0,5.0,5.0,2.0,5.0,5.0,6.0,4.0,1.0,1.0,7.0,3.0,4.0,4.0,5.0,3.0,7.0,7.0,2.0,6.0,5.0,4.0,4.0,4.0,4.0,4.0,4
81,1.0,2.0,1,2.0,1.0,6.0,4.0,5.0,5.0,5.0,5.0,5.0,5.0,4.0,4.0,4.0,5.0,6.0,4.0,4.0,5.0,3.0,5.0,5.0,4.0,4.0,4.0,5.0,3.0,3.0,5.0,4.0,5.0,2.0,2.0,3
82,1.0,2.0,1,2.0,2.0,4.0,5.0,5.0,4.0,5.0,6.0,6.0,6.0,5.0,4.0,5.0,5.0,4.0,5.0,5.0,6.0,6.0,6.0,6.0,6.0,6.0,6.0,6.0,6.0,6.0,5.0,6.0,6.0,3.0,4.0,5
83,1.0,2.0,1,2.0,2.0,7.0,6.0,7.0,7.0,6.0,6.0,6.0,6.0,7.0,6.0,4.0,5.0,5.0,6.0,6.0,5.0,4.0,5.0,5.0,5.0,4.0,5.0,4.0,6.0,5.0,5.0,5.0,5.0,4.0,6.0,6
84,2.0,1.0,2,2.0,2.0,4.0,4.0,4.0,4.0,4.0,6.0,6.0,3.0,4.0,5.0,5.0,5.0,5.0,7.0,7.0,7.0,7.0,7.0,7.0,7.0,7.0,7.0,6.0,7.0,7.0,6.0,7.0,7.0,5.0,7.0,3
85,1.0,2.0,1,2.0,2.0,7.0,7.0,7.0,7.0,2.0,5.0,7.0,7.0,1.0,2.0,7.0,7.0,7.0,7.0,7.0,2.0,2.0,1.0,7.0,7.0,7.0,7.0,7.0,2.0,2.0,7.0,2.0,1.0,7.0,7.0,1
86,1.0,1.0,1,2.0,2.0,4.0,4.0,4.0,4.0,4.0,4.0,4.0,4.0,4.0,4.0,4.0,4.0,4.0,4.0,4.0,4.0,4.0,4.0,4.0,4.0,4.0,3.0,4.0,3.0,4.0,4.0,4.0,4.0,4.0,5.0,4
87,1.0,1.0,1,2.0,2.0,6.0,4.0,4.0,5.0,6.0,6.0,6.0,4.0,5.0,6.0,6.0,6.0,5.0,6.0,6.0,3.0,4.0,5.0,6.0,5.0,5.0,5.0,6.0,3.0,6.0,6.0,5.0,5.0,3.0,1.0,2
88,1.0,1.0,1,3.0,2.0,6.0,5.0,7.0,6.0,3.0,3.0,2.0,4.0,4.0,4.0,5.0,7.0,7.0,7.0,7.0,5.0,7.0,7.0,6.0,6.0,4.0,4.0,4.0,5.0,5.0,5.0,6.0,6.0,3.0,1.0,2
89,1.0,2.0,2,3.0,1.0,7.0,7.0,7.0,7.0,7.0,5.0,5.0,5.0,4.0,7.0,5.0,5.0,6.0,6.0,7.0,4.0,3.0,3.0,4.0,5.0,4.0,4.0,6.0,3.0,3.0,3.0,4.0,6.0,4.0,5.0,5
90,3.0,2.0,1,2.0,1.0,4.0,4.0,4.0,4.0,4.0,4.0,4.0,4.0,4.0,4.0,4.0,4.0,4.0,4.0,4.0,4.0,4.0,4.0,4.0,4.0,4.0,4.0,4.0,4.0,4.0,4.0,4.0,4.0,5.0,4.0,5
91,2.0,1.0,1,2.0,1.0,7.0,7.0,7.0,7.0,7.0,6.0,6.0,4.0,6.0,5.0,7.0,7.0,6.0,6.0,6.0,5.0,7.0,7.0,6.0,6.0,7.0,6.0,7.0,6.0,6.0,6.0,7.0,6.0,1.0,2.0,2
92,1.0,1.0,1,2.0,2.0,7.0,7.0,7.0,7.0,7.0,6.0,6.0,4.0,4.0,2.0,7.0,7.0,7.0,7.0,7.0,7.0,3.0,5.0,1.0,4.0,7.0,1.0,1.0,5.0,4.0,4.0,4.0,1.0,6.0,1.0,2
93,1.0,1.0,1,2.0,1.0,7.0,6.0,5.0,3.0,2.0,5.0,5.0,5.0,5.0,3.0,4.0,6.0,3.0,7.0,7.0,3.0,5.0,6.0,5.0,5.0,5.0,6.0,5.0,5.0,5.0,6.0,4.0,6.0,5.0,4.0,3
94,2.0,1.0,1,1.0,1.0,5.0,4.0,7.0,7.0,7.0,4.0,5.0,3.0,3.0,1.0,6.0,7.0,7.0,5.0,7.0,5.0,4.0,3.0,4.0,3.0,3.0,3.0,5.0,5.0,5.0,4.0,6.0,5.0,6.0,2.0,3
95,2.0,1.0,2,2.0,1.0,7.0,7.0,7.0,7.0,7.0,4.0,6.0,4.0,5.0,7.0,7.0,7.0,7.0,7.0,7.0,5.0,6.0,5.0,2.0,4.0,5.0,5.0,4.0,6.0,7.0,7.0,7.0,7.0,3.0,2.0,3
96,1.0,1.0,1,2.0,2.0,5.0,4.0,4.0,4.0,4.0,4.0,4.0,4.0,4.0,4.0,4.0,4.0,4.0,4.0,5.0,4.0,5.0,5.0,4.0,4.0,5.0,4.0,5.0,4.0,4.0,4.0,4.0,4.0,4.0,5.0,4
97,1.0,1.0,1,2.0,2.0,5.0,4.0,4.0,4.0,4.0,4.0,4.0,4.0,4.0,4.0,4.0,4.0,4.0,4.0,5.0,4.0,5.0,5.0,4.0,4.0,5.0,4.0,5.0,4.0,4.0,4.0,4.0,4.0,4.0,5.0,4
98,1.0,1.0,1,2.0,1.0,5.0,4.0,4.0,4.0,4.0,4.0,4.0,4.0,4.0,4.0,4.0,4.0,4.0,4.0,5.0,4.0,5.0,5.0,4.0,4.0,5.0,4.0,5.0,4.0,4.0,4.0,4.0,4.0,4.0,5.0,4
99,1.0,1.0,1,2.0,2.0,5.0,5.0,5.0,5.0,5.0,4.0,5.0,4.0,4.0,3.0,4.0,7.0,7.0,3.0,7.0,7.0,5.0,7.0,4.0,3.0,7.0,7.0,7.0,5.0,4.0,4.0,4.0,4.0,7.0,7.0,4
100,1.0,1.0,1,2.0,1.0,5.0,5.0,5.0,5.0,5.0,4.0,5.0,5.0,4.0,3.0,4.0,7.0,7.0,3.0,7.0,7.0,5.0,7.0,4.0,3.0,7.0,7.0,6.0,5.0,5.0,4.0,4.0,4.0,7.0,7.0,4
101,2.0,1.0,1,2.0,1.0,7.0,7.0,7.0,7.0,4.0,6.0,6.0,6.0,6.0,6.0,6.0,6.0,7.0,7.0,7.0,4.0,5.0,6.0,4.0,6.0,6.0,7.0,5.0,5.0,5.0,4.0,4.0,4.0,5.0,4.0,5
102,1.0,2.0,1,2.0,2.0,7.0,7.0,7.0,7.0,7.0,5.0,4.0,5.0,6.0,5.0,6.0,7.0,7.0,7.0,7.0,4.0,3.0,6.0,3.0,6.0,5.0,6.0,6.0,6.0,4.0,5.0,6.0,5.0,4.0,2.0,2
103,1.0,2.0,1,1.0,2.0,2.0,2.0,2.0,2.0,5.0,6.0,5.0,3.0,5.0,1.0,5.0,1.0,2.0,6.0,3.0,2.0,3.0,2.0,6.0,2.0,2.0,3.0,6.0,2.0,3.0,3.0,3.0,2.0,7.0,4.0,4
104,2.0,2.0,2,1.0,1.0,6.0,7.0,7.0,7.0,6.0,4.0,5.0,5.0,6.0,4.0,6.0,7.0,6.0,6.0,7.0,5.0,4.0,3.0,5.0,5.0,6.0,5.0,5.0,5.0,4.0,3.0,3.0,5.0,5.0,5.0,4
105,2.0,1.0,2,1.0,2.0,3.0,4.0,4.0,5.0,4.0,6.0,7.0,5.0,5.0,6.0,5.0,6.0,5.0,5.0,7.0,5.0,6.0,5.0,7.0,6.0,6.0,6.0,7.0,6.0,5.0,4.0,6.0,5.0,5.0,6.0,4
106,2.0,1.0,2,2.0,2.0,7.0,7.0,7.0,7.0,7.0,5.0,4.0,4.0,4.0,3.0,4.0,7.0,7.0,7.0,7.0,2.0,2.0,3.0,3.0,4.0,3.0,3.0,3.0,4.0,4.0,4.0,4.0,4.0,6.0,3.0,4
107,2.0,2.0,1,2.0,2.0,4.0,3.0,5.0,4.0,5.0,4.0,4.0,5.0,4.0,4.0,3.0,4.0,4.0,5.0,5.0,4.0,4.0,5.0,2.0,3.0,4.0,4.0,7.0,5.0,4.0,5.0,6.0,6.0,5.0,5.0,6
108,1.0,1.0,1,2.0,1.0,5.0,7.0,7.0,7.0,6.0,6.0,4.0,6.0,6.0,4.0,7.0,7.0,7.0,7.0,7.0,5.0,7.0,5.0,6.0,6.0,5.0,6.0,7.0,5.0,4.0,6.0,5.0,4.0,1.0,4.0,2
109,1.0,2.0,1,1.0,2.0,6.0,2.0,4.0,5.0,4.0,6.0,5.0,5.0,6.0,7.0,2.0,2.0,1.0,5.0,2.0,4.0,2.0,1.0,3.0,1.0,2.0,1.0,2.0,4.0,5.0,2.0,1.0,2.0,6.0,3.0,4
110,3.0,1.0,2,1.0,1.0,6.0,6.0,7.0,7.0,6.0,4.0,4.0,3.0,4.0,4.0,5.0,7.0,7.0,6.0,7.0,6.0,5.0,5.0,5.0,6.0,7.0,5.0,5.0,5.0,5.0,4.0,6.0,4.0,6.0,6.0,5
111,1.0,1.0,1,3.0,2.0,2.0,2.0,2.0,2.0,2.0,5.0,6.0,5.0,6.0,6.0,2.0,3.0,2.0,2.0,3.0,3.0,3.0,4.0,5.0,4.0,5.0,5.0,5.0,5.0,5.0,4.0,4.0,4.0,4.0,4.0,5
112,2.0,2.0,2,1.0,2.0,1.0,2.0,2.0,2.0,3.0,5.0,6.0,6.0,6.0,7.0,2.0,2.0,1.0,2.0,2.0,6.0,3.0,5.0,3.0,3.0,3.0,3.0,5.0,5.0,5.0,3.0,3.0,3.0,5.0,3.0,5
113,3.0,2.0,2,1.0,2.0,1.0,1.0,1.0,1.0,1.0,4.0,2.0,4.0,5.0,4.0,2.0,1.0,1.0,1.0,1.0,4.0,5.0,4.0,4.0,5.0,4.0,4.0,6.0,5.0,5.0,5.0,5.0,6.0,4.0,1.0,1
114,2.0,2.0,2,2.0,1.0,5.0,7.0,7.0,7.0,5.0,7.0,7.0,7.0,7.0,7.0,7.0,7.0,7.0,7.0,7.0,5.0,6.0,6.0,5.0,5.0,6.0,6.0,6.0,6.0,6.0,6.0,6.0,5.0,3.0,3.0,2
115,1.0,2.0,1,2.0,2.0,4.0,5.0,6.0,4.0,5.0,6.0,7.0,4.0,6.0,3.0,6.0,5.0,3.0,7.0,7.0,5.0,4.0,4.0,4.0,4.0,5.0,5.0,4.0,4.0,5.0,5.0,4.0,5.0,4.0,4.0,5
116,1.0,2.0,1,2.0,2.0,4.0,3.0,4.0,4.0,4.0,5.0,5.0,5.0,5.0,4.0,4.0,4.0,5.0,4.0,4.0,5.0,3.0,3.0,6.0,5.0,5.0,3.0,5.0,3.0,3.0,4.0,4.0,4.0,6.0,4.0,4
117,2.0,2.0,2,3.0,2.0,4.0,1.0,5.0,6.0,6.0,7.0,7.0,7.0,7.0,7.0,4.0,4.0,4.0,5.0,5.0,5.0,5.0,5.0,5.0,5.0,5.0,5.0,5.0,6.0,5.0,6.0,6.0,6.0,5.0,5.0,5
118,2.0,2.0,2,3.0,2.0,3.0,4.0,4.0,3.0,2.0,1.0,1.0,3.0,2.0,2.0,5.0,3.0,1.0,3.0,3.0,4.0,2.0,2.0,4.0,3.0,3.0,2.0,4.0,4.0,4.0,4.0,3.0,4.0,6.0,6.0,4
119,2.0,1.0,2,2.0,2.0,7.0,2.0,7.0,7.0,6.0,7.0,6.0,3.0,7.0,7.0,7.0,7.0,7.0,6.0,7.0,4.0,6.0,7.0,7.0,7.0,5.0,7.0,7.0,6.0,6.0,4.0,7.0,7.0,7.0,7.0,7
120,2.0,2.0,2,3.0,2.0,6.0,5.0,4.0,4.0,5.0,5.0,5.0,5.0,5.0,6.0,6.0,5.0,4.0,5.0,5.0,5.0,5.0,5.0,6.0,6.0,6.0,3.0,4.0,6.0,5.0,4.0,4.0,5.0,7.0,5.0,3
121,2.0,2.0,2,2.0,1.0,7.0,6.0,7.0,7.0,5.0,7.0,7.0,7.0,7.0,7.0,7.0,7.0,5.0,5.0,7.0,5.0,4.0,5.0,5.0,5.0,5.0,4.0,7.0,6.0,6.0,5.0,6.0,5.0,7.0,7.0,7
122,1.0,1.0,1,3.0,1.0,7.0,7.0,7.0,7.0,7.0,7.0,7.0,7.0,7.0,7.0,7.0,7.0,7.0,7.0,7.0,1.0,1.0,2.0,2.0,2.0,2.0,2.0,2.0,2.0,2.0,4.0,1.0,2.0,1.0,1.0,1
123,2.0,1.0,2,1.0,2.0,6.0,7.0,5.0,6.0,6.0,5.0,6.0,3.0,5.0,3.0,5.0,4.0,6.0,6.0,6.0,4.0,4.0,4.0,3.0,5.0,4.0,3.0,3.0,3.0,3.0,4.0,3.0,4.0,5.0,3.0,4
124,3.0,1.0,2,3.0,2.0,4.0,3.0,3.0,3.0,2.0,5.0,7.0,6.0,6.0,5.0,6.0,7.0,7.0,7.0,6.0,7.0,7.0,7.0,7.0,7.0,5.0,7.0,6.0,6.0,6.0,6.0,6.0,6.0,2.0,1.0,1
125,1.0,2.0,2,3.0,2.0,7.0,7.0,7.0,7.0,7.0,4.0,4.0,5.0,4.0,7.0,5.0,6.0,5.0,4.0,7.0,5.0,6.0,5.0,5.0,5.0,5.0,4.0,5.0,5.0,7.0,5.0,5.0,5.0,2.0,3.0,2
126,2.0,1.0,2,3.0,2.0,1.0,1.0,1.0,1.0,1.0,1.0,4.0,1.0,4.0,2.0,1.0,1.0,2.0,1.0,1.0,1.0,1.0,1.0,2.0,1.0,1.0,1.0,1.0,1.0,1.0,2.0,2.0,2.0,1.0,2.0,3
127,2.0,1.0,2,1.0,2.0,1.0,1.0,1.0,1.0,1.0,3.0,3.0,1.0,4.0,4.0,1.0,1.0,1.0,1.0,1.0,7.0,4.0,1.0,1.0,1.0,1.0,1.0,2.0,5.0,2.0,3.0,2.0,3.0,2.0,1.0,1
128,1.0,2.0,2,2.0,2.0,7.0,4.0,5.0,7.0,7.0,7.0,6.0,3.0,2.0,3.0,4.0,5.0,5.0,7.0,5.0,2.0,4.0,4.0,6.0,6.0,7.0,3.0,5.0,6.0,3.0,3.0,3.0,3.0,4.0,3.0,3
129,2.0,2.0,2,3.0,1.0,7.0,7.0,7.0,7.0,7.0,7.0,7.0,4.0,4.0,1.0,3.0,5.0,6.0,6.0,6.0,2.0,1.0,1.0,2.0,2.0,2.0,2.0,6.0,1.0,2.0,1.0,1.0,2.0,3.0,4.0,3
130,2.0,1.0,2,3.0,1.0,7.0,6.0,6.0,5.0,2.0,7.0,6.0,6.0,7.0,7.0,5.0,7.0,6.0,7.0,6.0,1.0,1.0,5.0,7.0,7.0,3.0,6.0,5.0,6.0,7.0,6.0,2.0,2.0,7.0,6.0,6
131,2.0,1.0,2,3.0,2.0,4.0,1.0,6.0,5.0,3.0,3.0,3.0,3.0,3.0,1.0,4.0,4.0,4.0,5.0,4.0,1.0,2.0,4.0,3.0,3.0,3.0,2.0,2.0,3.0,1.0,2.0,2.0,2.0,4.0,4.0,4
132,2.0,2.0,2,3.0,2.0,7.0,7.0,7.0,7.0,1.0,7.0,7.0,1.0,1.0,7.0,7.0,7.0,7.0,7.0,7.0,7.0,7.0,7.0,7.0,7.0,1.0,7.0,7.0,7.0,7.0,1.0,7.0,7.0,7.0,7.0,1
133,2.0,2.0,2,2.0,1.0,7.0,4.0,4.0,7.0,7.0,4.0,3.0,3.0,4.0,4.0,7.0,7.0,5.0,7.0,7.0,4.0,4.0,4.0,6.0,1.0,1.0,2.0,4.0,2.0,3.0,1.0,1.0,1.0,4.0,2.0,2
134,1.0,1.0,2,3.0,1.0,5.0,5.0,5.0,5.0,5.0,4.0,5.0,4.0,4.0,4.0,5.0,3.0,5.0,6.0,5.0,7.0,6.0,6.0,5.0,5.0,5.0,7.0,5.0,5.0,5.0,6.0,5.0,5.0,2.0,3.0,3
135,2.0,1.0,2,1.0,2.0,7.0,7.0,6.0,7.0,7.0,6.0,7.0,6.0,7.0,7.0,7.0,7.0,6.0,6.0,6.0,7.0,7.0,7.0,7.0,7.0,6.0,7.0,7.0,7.0,7.0,6.0,7.0,7.0,7.0,7.0,7
136,1.0,1.0,1,1.0,2.0,1.0,1.0,3.0,3.0,2.0,5.0,5.0,5.0,5.0,5.0,3.0,3.0,2.0,2.0,3.0,5.0,4.0,5.0,4.0,4.0,5.0,4.0,4.0,3.0,3.0,3.0,3.0,6.0,5.0,3.0,4
137,2.0,2.0,2,1.0,2.0,7.0,7.0,7.0,7.0,7.0,7.0,6.0,5.0,6.0,6.0,7.0,7.0,7.0,7.0,7.0,6.0,4.0,5.0,2.0,2.0,2.0,2.0,4.0,5.0,4.0,4.0,5.0,4.0,4.0,5.0,6
138,3.0,2.0,2,3.0,2.0,4.0,1.0,4.0,1.0,1.0,7.0,7.0,7.0,7.0,7.0,3.0,1.0,1.0,1.0,1.0,1.0,1.0,3.0,1.0,1.0,1.0,1.0,1.0,1.0,6.0,1.0,1.0,1.0,7.0,7.0,7
139,3.0,2.0,2,2.0,1.0,7.0,7.0,7.0,7.0,7.0,7.0,7.0,5.0,7.0,7.0,7.0,7.0,7.0,7.0,7.0,7.0,7.0,7.0,7.0,7.0,5.0,7.0,7.0,7.0,7.0,7.0,7.0,7.0,7.0,7.0,7
140,2.0,1.0,2,1.0,2.0,7.0,6.0,7.0,7.0,7.0,6.0,5.0,7.0,6.0,7.0,6.0,3.0,6.0,7.0,7.0,2.0,2.0,2.0,2.0,4.0,4.0,6.0,6.0,3.0,2.0,3.0,6.0,5.0,6.0,2.0,2
141,1.0,1.0,1,3.0,2.0,1.0,1.0,1.0,1.0,1.0,4.0,3.0,3.0,5.0,3.0,3.0,7.0,7.0,5.0,6.0,5.0,6.0,4.0,7.0,4.0,5.0,5.0,6.0,7.0,5.0,4.0,5.0,5.0,5.0,4.0,5
142,2.0,1.0,2,3.0,1.0,7.0,5.0,5.0,4.0,5.0,4.0,5.0,7.0,7.0,6.0,5.0,7.0,5.0,5.0,7.0,3.0,5.0,3.0,7.0,4.0,7.0,7.0,5.0,1.0,6.0,2.0,3.0,5.0,4.0,3.0,6
143,1.0,2.0,1,2.0,2.0,5.0,6.0,5.0,5.0,5.0,4.0,4.0,4.0,4.0,4.0,5.0,4.0,3.0,3.0,2.0,5.0,4.0,4.0,3.0,3.0,2.0,3.0,3.0,3.0,5.0,4.0,3.0,5.0,4.0,3.0,4
144,1.0,2.0,1,1.0,2.0,4.0,1.0,2.0,2.0,3.0,4.0,4.0,5.0,4.0,3.0,3.0,3.0,2.0,3.0,3.0,1.0,1.0,1.0,1.0,2.0,2.0,2.0,3.0,1.0,1.0,1.0,1.0,1.0,5.0,4.0,4
145,2.0,1.0,2,2.0,2.0,4.0,4.0,4.0,4.0,5.0,6.0,6.0,4.0,4.0,4.0,5.0,7.0,4.0,7.0,4.0,5.0,3.0,4.0,5.0,4.0,4.0,4.0,4.0,5.0,4.0,3.0,5.0,4.0,6.0,4.0,2
146,3.0,1.0,2,1.0,1.0,1.0,7.0,1.0,7.0,1.0,5.0,5.0,5.0,5.0,6.0,5.0,6.0,4.0,4.0,5.0,5.0,5.0,4.0,5.0,6.0,5.0,4.0,4.0,6.0,5.0,5.0,5.0,6.0,6.0,5.0,6
147,2.0,1.0,1,2.0,1.0,6.0,6.0,6.0,6.0,5.0,5.0,5.0,5.0,6.0,6.0,6.0,5.0,6.0,5.0,6.0,6.0,6.0,6.0,6.0,6.0,6.0,6.0,6.0,6.0,6.0,6.0,6.0,6.0,4.0,3.0,3
148,1.0,2.0,1,3.0,2.0,7.0,5.0,5.0,7.0,2.0,4.0,4.0,3.0,5.0,3.0,2.0,7.0,7.0,7.0,7.0,1.0,7.0,1.0,1.0,1.0,1.0,3.0,4.0,6.0,6.0,4.0,3.0,2.0,6.0,1.0,3
149,2.0,1.0,2,1.0,2.0,6.0,5.0,5.0,7.0,7.0,5.0,7.0,7.0,5.0,6.0,5.0,5.0,5.0,6.0,5.0,5.0,6.0,6.0,5.0,7.0,6.0,5.0,6.0,4.0,4.0,4.0,5.0,5.0,3.0,2.0,3
150,1.0,2.0,1,3.0,2.0,4.0,4.0,3.0,4.0,5.0,5.0,6.0,5.0,6.0,7.0,5.0,5.0,4.0,6.0,5.0,5.0,6.0,6.0,5.0,6.0,6.0,6.0,5.0,5.0,6.0,5.0,5.0,4.0,6.0,5.0,2
151,2.0,2.0,2,1.0,2.0,1.0,1.0,1.0,1.0,1.0,5.0,5.0,3.0,3.0,3.0,1.0,1.0,1.0,2.0,1.0,5.0,5.0,6.0,6.0,6.0,5.0,6.0,6.0,5.0,5.0,5.0,5.0,5.0,7.0,7.0,6
152,2.0,2.0,2,1.0,1.0,5.0,3.0,3.0,4.0,4.0,5.0,5.0,4.0,4.0,5.0,5.0,4.0,3.0,5.0,4.0,4.0,3.0,2.0,6.0,4.0,4.0,6.0,2.0,6.0,1.0,5.0,5.0,3.0,5.0,3.0,6
153,3.0,1.0,2,2.0,2.0,7.0,7.0,7.0,7.0,7.0,6.0,7.0,4.0,5.0,4.0,7.0,7.0,7.0,7.0,7.0,4.0,5.0,6.0,4.0,5.0,5.0,4.0,6.0,2.0,3.0,5.0,4.0,4.0,5.0,1.0,1
154,2.0,1.0,1,1.0,2.0,4.0,3.0,3.0,3.0,3.0,6.0,5.0,6.0,6.0,6.0,4.0,4.0,4.0,3.0,5.0,5.0,6.0,6.0,6.0,7.0,5.0,6.0,4.0,5.0,5.0,5.0,4.0,4.0,3.0,3.0,2
155,2.0,2.0,2,2.0,1.0,7.0,6.0,6.0,7.0,6.0,5.0,5.0,6.0,5.0,4.0,7.0,5.0,6.0,5.0,6.0,2.0,5.0,6.0,6.0,6.0,6.0,6.0,6.0,6.0,7.0,5.0,3.0,5.0,6.0,3.0,3
156,1.0,2.0,1,2.0,2.0,5.0,6.0,6.0,6.0,7.0,4.0,5.0,3.0,3.0,6.0,6.0,6.0,6.0,5.0,6.0,3.0,6.0,5.0,5.0,4.0,4.0,5.0,5.0,5.0,5.0,6.0,5.0,5.0,6.0,6.0,4
157,1.0,1.0,1,3.0,2.0,6.0,6.0,6.0,6.0,7.0,5.0,6.0,6.0,6.0,6.0,6.0,7.0,7.0,6.0,6.0,5.0,6.0,5.0,6.0,6.0,5.0,7.0,6.0,7.0,6.0,6.0,5.0,6.0,5.0,5.0,5
158,1.0,1.0,1,2.0,1.0,7.0,7.0,7.0,7.0,7.0,6.0,6.0,7.0,6.0,7.0,7.0,7.0,7.0,7.0,7.0,2.0,3.0,3.0,4.0,6.0,5.0,6.0,5.0,4.0,5.0,3.0,4.0,4.0,6.0,4.0,4
159,2.0,1.0,2,3.0,2.0,6.0,5.0,7.0,6.0,6.0,4.0,5.0,5.0,6.0,5.0,6.0,7.0,7.0,6.0,6.0,2.0,3.0,3.0,4.0,2.0,3.0,1.0,3.0,2.0,3.0,2.0,2.0,4.0,7.0,7.0,5
160,3.0,2.0,2,2.0,2.0,7.0,7.0,7.0,7.0,7.0,3.0,4.0,4.0,3.0,3.0,4.0,7.0,6.0,7.0,7.0,3.0,5.0,4.0,5.0,5.0,4.0,5.0,6.0,4.0,5.0,5.0,4.0,5.0,5.0,5.0,5
161,1.0,2.0,2,1.0,2.0,4.0,2.0,5.0,5.0,5.0,6.0,5.0,4.0,4.0,3.0,4.0,5.0,5.0,5.0,5.0,4.0,3.0,4.0,4.0,4.0,4.0,4.0,4.0,3.0,5.0,5.0,4.0,5.0,6.0,4.0,3
162,1.0,1.0,1,2.0,1.0,7.0,6.0,7.0,7.0,7.0,5.0,6.0,5.0,4.0,4.0,6.0,7.0,5.0,7.0,7.0,5.0,5.0,3.0,7.0,5.0,7.0,5.0,7.0,5.0,5.0,6.0,5.0,6.0,5.0,2.0,3
163,1.0,1.0,2,2.0,1.0,3.0,4.0,5.0,4.0,4.0,4.0,4.0,4.0,4.0,4.0,4.0,5.0,4.0,5.0,4.0,4.0,4.0,4.0,4.0,4.0,4.0,4.0,4.0,4.0,4.0,4.0,4.0,4.0,4.0,4.0,4
164,1.0,1.0,2,3.0,2.0,7.0,7.0,7.0,7.0,7.0,7.0,7.0,7.0,7.0,7.0,7.0,7.0,7.0,7.0,7.0,7.0,7.0,7.0,7.0,7.0,7.0,7.0,7.0,7.0,7.0,7.0,7.0,7.0,1.0,7.0,7
165,1.0,2.0,1,2.0,2.0,7.0,7.0,7.0,7.0,7.0,6.0,6.0,6.0,5.0,5.0,7.0,7.0,7.0,6.0,7.0,6.0,5.0,5.0,5.0,5.0,5.0,6.0,6.0,6.0,6.0,6.0,5.0,6.0,6.0,1.0,2
166,1.0,2.0,1,3.0,2.0,4.0,5.0,5.0,4.0,5.0,6.0,6.0,6.0,5.0,4.0,5.0,5.0,4.0,5.0,5.0,6.0,6.0,6.0,6.0,6.0,6.0,6.0,6.0,6.0,6.0,5.0,6.0,6.0,3.0,4.0,5
167,1.0,2.0,1,3.0,1.0,7.0,7.0,7.0,7.0,4.0,7.0,7.0,7.0,7.0,7.0,7.0,7.0,7.0,7.0,7.0,7.0,5.0,6.0,7.0,7.0,7.0,7.0,7.0,7.0,7.0,7.0,5.0,7.0,1.0,1.0,3
168,1.0,2.0,1,3.0,1.0,7.0,6.0,7.0,7.0,7.0,5.0,4.0,4.0,5.0,4.0,3.0,6.0,6.0,3.0,5.0,5.0,5.0,6.0,4.0,4.0,4.0,6.0,4.0,6.0,7.0,5.0,5.0,6.0,5.0,5.0,2
169,2.0,2.0,1,3.0,2.0,4.0,4.0,3.0,3.0,3.0,6.0,5.0,4.0,2.0,6.0,6.0,7.0,6.0,7.0,4.0,5.0,2.0,7.0,3.0,7.0,3.0,6.0,6.0,4.0,7.0,7.0,4.0,7.0,7.0,5.0,4
170,1.0,2.0,1,2.0,1.0,7.0,7.0,7.0,7.0,7.0,4.0,6.0,7.0,7.0,7.0,7.0,7.0,6.0,7.0,7.0,4.0,4.0,4.0,5.0,5.0,5.0,5.0,5.0,4.0,4.0,4.0,4.0,4.0,1.0,1.0,1
171,1.0,1.0,1,1.0,2.0,5.0,5.0,5.0,4.0,4.0,5.0,4.0,3.0,5.0,4.0,4.0,6.0,4.0,4.0,3.0,5.0,5.0,4.0,4.0,4.0,6.0,5.0,5.0,4.0,5.0,4.0,5.0,5.0,5.0,5.0,5
172,1.0,2.0,1,2.0,1.0,5.0,6.0,7.0,7.0,6.0,5.0,6.0,6.0,6.0,7.0,6.0,4.0,7.0,5.0,5.0,5.0,6.0,4.0,5.0,5.0,5.0,6.0,6.0,6.0,5.0,5.0,5.0,5.0,5.0,5.0,5
173,1.0,1.0,1,3.0,2.0,7.0,7.0,7.0,5.0,7.0,7.0,5.0,7.0,5.0,5.0,6.0,6.0,7.0,6.0,5.0,5.0,4.0,4.0,6.0,6.0,7.0,6.0,6.0,6.0,7.0,7.0,7.0,6.0,7.0,7.0,5
174,3.0,2.0,2,3.0,1.0,7.0,7.0,7.0,7.0,7.0,7.0,7.0,7.0,7.0,7.0,7.0,7.0,4.0,7.0,7.0,4.0,7.0,4.0,7.0,7.0,7.0,4.0,7.0,7.0,7.0,4.0,7.0,4.0,1.0,1.0,1
175,1.0,1.0,1,3.0,1.0,5.0,3.0,3.0,2.0,3.0,5.0,6.0,5.0,4.0,5.0,3.0,7.0,7.0,7.0,7.0,5.0,6.0,5.0,7.0,7.0,5.0,6.0,6.0,7.0,7.0,6.0,5.0,7.0,7.0,7.0,5
176,2.0,1.0,2,2.0,1.0,6.0,6.0,5.0,7.0,5.0,6.0,6.0,6.0,7.0,7.0,7.0,7.0,6.0,6.0,7.0,6.0,7.0,7.0,7.0,7.0,6.0,3.0,7.0,7.0,7.0,5.0,6.0,6.0,7.0,7.0,5
177,1.0,2.0,1,1.0,2.0,7.0,7.0,7.0,7.0,6.0,6.0,5.0,6.0,5.0,5.0,6.0,6.0,6.0,7.0,7.0,6.0,6.0,5.0,5.0,6.0,6.0,5.0,6.0,4.0,4.0,5.0,5.0,4.0,5.0,4.0,3
178,2.0,1.0,1,1.0,2.0,4.0,1.0,2.0,4.0,3.0,4.0,7.0,5.0,6.0,6.0,4.0,4.0,4.0,5.0,4.0,7.0,1.0,4.0,5.0,5.0,5.0,5.0,6.0,3.0,3.0,3.0,4.0,4.0,4.0,4.0,5
179,1.0,1.0,1,1.0,2.0,5.0,6.0,6.0,6.0,6.0,6.0,6.0,6.0,7.0,7.0,7.0,7.0,7.0,6.0,4.0,4.0,3.0,3.0,6.0,7.0,7.0,5.0,6.0,3.0,4.0,4.0,3.0,4.0,3.0,2.0,3
180,2.0,1.0,1,1.0,2.0,6.0,5.0,7.0,5.0,6.0,5.0,7.0,5.0,7.0,7.0,4.0,5.0,6.0,6.0,5.0,6.0,7.0,5.0,5.0,7.0,6.0,7.0,5.0,7.0,7.0,6.0,6.0,7.0,6.0,5.0,3
181,1.0,2.0,1,1.0,2.0,7.0,7.0,7.0,7.0,7.0,6.0,7.0,7.0,6.0,5.0,7.0,7.0,7.0,7.0,7.0,5.0,4.0,5.0,5.0,5.0,6.0,5.0,4.0,5.0,5.0,4.0,4.0,4.0,6.0,3.0,5
182,1.0,2.0,1,2.0,1.0,7.0,7.0,7.0,7.0,7.0,7.0,7.0,7.0,7.0,7.0,7.0,7.0,7.0,7.0,7.0,5.0,7.0,6.0,6.0,5.0,6.0,6.0,6.0,5.0,4.0,5.0,4.0,5.0,5.0,3.0,2
183,2.0,2.0,1,3.0,1.0,7.0,6.0,6.0,7.0,5.0,7.0,7.0,6.0,5.0,5.0,6.0,5.0,6.0,4.0,5.0,5.0,6.0,4.0,4.0,4.0,4.0,6.0,5.0,5.0,5.0,3.0,4.0,5.0,5.0,4.0,5
184,2.0,2.0,2,3.0,2.0,2.0,3.0,2.0,2.0,2.0,7.0,5.0,6.0,5.0,6.0,6.0,4.0,5.0,6.0,6.0,5.0,6.0,6.0,5.0,6.0,6.0,5.0,5.0,5.0,6.0,5.0,3.0,4.0,5.0,5.0,5
185,2.0,2.0,1,3.0,2.0,1.0,1.0,1.0,1.0,1.0,4.0,4.0,3.0,3.0,7.0,3.0,3.0,5.0,2.0,3.0,3.0,3.0,2.0,5.0,4.0,4.0,2.0,2.0,5.0,3.0,3.0,5.0,5.0,4.0,1.0,4
186,1.0,2.0,1,2.0,1.0,7.0,7.0,7.0,7.0,7.0,3.0,7.0,2.0,2.0,3.0,6.0,7.0,7.0,7.0,7.0,3.0,3.0,2.0,2.0,2.0,3.0,2.0,5.0,1.0,1.0,1.0,1.0,1.0,5.0,2.0,2
187,1.0,2.0,1,2.0,2.0,1.0,1.0,1.0,1.0,1.0,4.0,4.0,4.0,1.0,1.0,1.0,1.0,1.0,1.0,1.0,2.0,1.0,1.0,5.0,5.0,4.0,4.0,5.0,3.0,2.0,3.0,3.0,3.0,6.0,6.0,5
188,1.0,2.0,1,1.0,2.0,5.0,3.0,3.0,4.0,4.0,6.0,6.0,4.0,6.0,7.0,4.0,6.0,5.0,7.0,5.0,2.0,4.0,6.0,7.0,7.0,5.0,5.0,7.0,7.0,6.0,7.0,7.0,6.0,6.0,7.0,7
189,2.0,1.0,1,1.0,1.0,5.0,3.0,3.0,4.0,4.0,6.0,6.0,4.0,6.0,7.0,4.0,6.0,5.0,7.0,5.0,2.0,4.0,6.0,7.0,7.0,5.0,5.0,7.0,7.0,6.0,7.0,7.0,6.0,6.0,7.0,7
190,2.0,1.0,2,1.0,2.0,7.0,4.0,7.0,3.0,1.0,7.0,1.0,2.0,1.0,1.0,2.0,1.0,1.0,1.0,2.0,1.0,2.0,1.0,7.0,1.0,7.0,2.0,1.0,7.0,1.0,1.0,1.0,7.0,7.0,7.0,3
191,1.0,1.0,1,1.0,2.0,7.0,7.0,7.0,7.0,7.0,5.0,5.0,5.0,5.0,4.0,7.0,7.0,6.0,6.0,7.0,4.0,4.0,4.0,7.0,4.0,7.0,4.0,7.0,3.0,5.0,4.0,5.0,4.0,4.0,4.0,5
192,1.0,1.0,1,1.0,1.0,5.0,4.0,3.0,4.0,5.0,4.0,4.0,6.0,6.0,6.0,4.0,6.0,4.0,6.0,5.0,2.0,1.0,5.0,5.0,4.0,5.0,5.0,5.0,6.0,4.0,6.0,4.0,2.0,7.0,4.0,2
193,2.0,1.0,1,3.0,1.0,5.0,7.0,7.0,7.0,1.0,5.0,7.0,3.0,2.0,7.0,7.0,4.0,3.0,5.0,3.0,5.0,2.0,1.0,7.0,6.0,3.0,5.0,3.0,3.0,1.0,5.0,4.0,6.0,3.0,5.0,6
194,1.0,1.0,1,1.0,1.0,7.0,7.0,7.0,7.0,7.0,5.0,5.0,5.0,5.0,5.0,5.0,7.0,6.0,7.0,7.0,3.0,5.0,5.0,7.0,7.0,7.0,7.0,7.0,6.0,5.0,5.0,5.0,5.0,7.0,6.0,6
195,1.0,2.0,2,1.0,1.0,7.0,5.0,4.0,6.0,6.0,5.0,4.0,6.0,5.0,5.0,5.0,4.0,5.0,4.0,5.0,4.0,6.0,6.0,6.0,6.0,5.0,6.0,6.0,3.0,2.0,5.0,5.0,6.0,4.0,4.0,3
196,2.0,1.0,1,2.0,2.0,7.0,1.0,1.0,7.0,1.0,7.0,7.0,7.0,7.0,7.0,7.0,7.0,7.0,7.0,7.0,7.0,7.0,7.0,7.0,7.0,7.0,7.0,7.0,7.0,7.0,1.0,7.0,7.0,2.0,7.0,7
197,2.0,2.0,2,3.0,2.0,7.0,4.0,7.0,7.0,7.0,7.0,7.0,7.0,7.0,7.0,7.0,7.0,5.0,7.0,7.0,4.0,7.0,7.0,3.0,3.0,5.0,7.0,7.0,6.0,7.0,7.0,7.0,1.0,1.0,4.0,1
198,2.0,1.0,2,3.0,2.0,7.0,7.0,7.0,7.0,7.0,7.0,7.0,5.0,6.0,6.0,7.0,7.0,5.0,5.0,6.0,7.0,7.0,7.0,5.0,6.0,5.0,5.0,7.0,7.0,5.0,4.0,3.0,5.0,6.0,6.0,5
199,2.0,2.0,2,2.0,2.0,5.0,6.0,7.0,7.0,7.0,5.0,6.0,4.0,5.0,4.0,7.0,7.0,6.0,7.0,7.0,5.0,5.0,5.0,5.0,5.0,6.0,6.0,7.0,1.0,4.0,1.0,1.0,1.0,7.0,4.0,2
200,1.0,2.0,1,3.0,2.0,5.0,4.0,3.0,5.0,4.0,7.0,7.0,7.0,7.0,7.0,7.0,7.0,7.0,7.0,7.0,1.0,7.0,7.0,3.0,2.0,5.0,1.0,2.0,7.0,7.0,4.0,4.0,6.0,1.0,7.0,7
201,1.0,1.0,1,3.0,1.0,1.0,7.0,1.0,2.0,7.0,7.0,7.0,7.0,7.0,7.0,1.0,2.0,1.0,7.0,1.0,7.0,7.0,1.0,2.0,2.0,7.0,7.0,7.0,7.0,1.0,7.0,1.0,7.0,1.0,1.0,4
202,1.0,2.0,1,3.0,1.0,7.0,7.0,7.0,7.0,7.0,7.0,7.0,7.0,7.0,6.0,7.0,7.0,7.0,7.0,7.0,5.0,6.0,6.0,5.0,5.0,5.0,4.0,4.0,4.0,4.0,3.0,3.0,5.0,4.0,4.0,5
203,1.0,1.0,1,2.0,2.0,4.0,4.0,2.0,5.0,5.0,2.0,3.0,2.0,2.0,5.0,4.0,4.0,6.0,4.0,7.0,2.0,2.0,4.0,3.0,2.0,4.0,3.0,4.0,3.0,3.0,1.0,6.0,4.0,3.0,5.0,3
204,1.0,1.0,1,3.0,1.0,7.0,7.0,7.0,7.0,7.0,7.0,7.0,7.0,7.0,7.0,7.0,7.0,7.0,7.0,7.0,7.0,1.0,7.0,7.0,7.0,7.0,7.0,7.0,7.0,7.0,7.0,7.0,1.0,1.0,1.0,1
205,1.0,1.0,1,3.0,1.0,7.0,7.0,7.0,7.0,7.0,7.0,7.0,7.0,7.0,7.0,7.0,7.0,7.0,7.0,7.0,1.0,7.0,7.0,4.0,4.0,4.0,4.0,4.0,4.0,7.0,1.0,7.0,4.0,1.0,1.0,1
206,2.0,1.0,1,2.0,2.0,5.0,4.0,6.0,6.0,4.0,6.0,3.0,5.0,5.0,3.0,5.0,4.0,4.0,3.0,4.0,4.0,4.0,5.0,4.0,4.0,4.0,3.0,5.0,4.0,3.0,4.0,5.0,3.0,4.0,3.0,4
207,1.0,2.0,1,3.0,1.0,1.0,7.0,7.0,7.0,7.0,7.0,7.0,6.0,6.0,7.0,7.0,7.0,7.0,7.0,7.0,7.0,7.0,7.0,7.0,7.0,7.0,7.0,7.0,7.0,7.0,7.0,7.0,7.0,7.0,7.0,5
208,1.0,2.0,1,2.0,1.0,7.0,7.0,7.0,7.0,7.0,7.0,7.0,7.0,7.0,7.0,7.0,7.0,7.0,7.0,7.0,5.0,4.0,6.0,6.0,6.0,6.0,6.0,7.0,7.0,7.0,7.0,7.0,7.0,6.0,6.0,7
209,1.0,2.0,1,3.0,1.0,5.0,7.0,7.0,7.0,4.0,4.0,4.0,5.0,7.0,7.0,5.0,7.0,7.0,4.0,7.0,4.0,7.0,7.0,4.0,4.0,4.0,4.0,4.0,4.0,7.0,4.0,5.0,7.0,7.0,4.0,6
210,1.0,2.0,1,1.0,2.0,5.0,5.0,6.0,6.0,7.0,7.0,6.0,7.0,6.0,6.0,6.0,6.0,7.0,6.0,6.0,3.0,3.0,4.0,6.0,5.0,6.0,5.0,6.0,3.0,3.0,6.0,5.0,5.0,1.0,2.0,2
211,1.0,1.0,1,2.0,2.0,7.0,6.0,7.0,7.0,5.0,3.0,6.0,5.0,5.0,4.0,5.0,7.0,4.0,4.0,7.0,3.0,4.0,5.0,4.0,5.0,5.0,5.0,5.0,5.0,4.0,5.0,5.0,4.0,5.0,4.0,4
212,3.0,2.0,2,3.0,2.0,2.0,4.0,7.0,4.0,7.0,6.0,5.0,5.0,4.0,7.0,4.0,5.0,3.0,3.0,7.0,5.0,4.0,4.0,4.0,4.0,6.0,5.0,3.0,5.0,2.0,5.0,3.0,6.0,5.0,4.0,7
213,1.0,1.0,1,3.0,1.0,4.0,6.0,5.0,5.0,5.0,5.0,5.0,4.0,4.0,5.0,4.0,5.0,5.0,4.0,5.0,4.0,4.0,5.0,5.0,4.0,5.0,5.0,4.0,5.0,5.0,4.0,5.0,5.0,5.0,5.0,5
214,2.0,2.0,2,3.0,2.0,1.0,1.0,1.0,1.0,1.0,2.0,2.0,2.0,3.0,3.0,3.0,1.0,1.0,1.0,1.0,2.0,2.0,3.0,3.0,2.0,3.0,2.0,2.0,2.0,2.0,2.0,3.0,2.0,7.0,7.0,7
215,1.0,1.0,1,3.0,1.0,4.0,4.0,4.0,4.0,5.0,5.0,5.0,5.0,4.0,5.0,3.0,3.0,3.0,5.0,5.0,3.0,4.0,5.0,3.0,4.0,4.0,4.0,4.0,4.0,4.0,4.0,4.0,4.0,4.0,5.0,4
216,1.0,2.0,1,3.0,2.0,4.0,6.0,7.0,7.0,1.0,5.0,2.0,6.0,6.0,6.0,6.0,5.0,6.0,7.0,6.0,5.0,7.0,7.0,6.0,5.0,5.0,6.0,6.0,7.0,6.0,5.0,6.0,5.0,4.0,3.0,3
217,2.0,2.0,1,2.0,2.0,5.0,2.0,7.0,7.0,7.0,6.0,5.0,5.0,4.0,2.0,3.0,7.0,7.0,7.0,7.0,3.0,7.0,6.0,7.0,3.0,5.0,6.0,6.0,6.0,5.0,5.0,4.0,5.0,5.0,1.0,2
218,2.0,2.0,2,3.0,1.0,3.0,4.0,5.0,4.0,4.0,7.0,7.0,6.0,7.0,5.0,4.0,5.0,7.0,6.0,5.0,2.0,5.0,6.0,4.0,5.0,4.0,4.0,5.0,5.0,3.0,5.0,5.0,5.0,5.0,5.0,6
219,1.0,1.0,1,3.0,1.0,6.0,6.0,7.0,7.0,7.0,5.0,6.0,7.0,6.0,6.0,7.0,7.0,6.0,6.0,7.0,6.0,6.0,7.0,7.0,6.0,7.0,6.0,7.0,7.0,6.0,7.0,7.0,6.0,7.0,6.0,7
220,1.0,2.0,1,3.0,1.0,7.0,7.0,6.0,6.0,6.0,5.0,5.0,5.0,6.0,6.0,6.0,7.0,5.0,5.0,7.0,4.0,6.0,4.0,4.0,3.0,5.0,3.0,5.0,5.0,4.0,6.0,5.0,4.0,3.0,2.0,2
221,1.0,1.0,1,2.0,2.0,5.0,5.0,5.0,5.0,5.0,4.0,5.0,5.0,7.0,7.0,6.0,5.0,7.0,5.0,7.0,5.0,5.0,5.0,5.0,5.0,5.0,5.0,5.0,5.0,4.0,5.0,3.0,3.0,3.0,7.0,7
222,1.0,1.0,1,3.0,1.0,1.0,6.0,7.0,7.0,7.0,7.0,7.0,7.0,7.0,7.0,7.0,7.0,4.0,7.0,7.0,1.0,4.0,5.0,5.0,5.0,7.0,5.0,7.0,1.0,1.0,3.0,3.0,3.0,7.0,5.0,1
223,2.0,2.0,1,3.0,1.0,6.0,6.0,7.0,7.0,5.0,7.0,6.0,5.0,6.0,7.0,7.0,7.0,7.0,6.0,7.0,7.0,7.0,7.0,7.0,7.0,7.0,7.0,6.0,6.0,7.0,6.0,6.0,5.0,4.0,2.0,3
224,2.0,2.0,2,2.0,2.0,5.0,4.0,3.0,5.0,3.0,6.0,6.0,5.0,6.0,6.0,6.0,4.0,5.0,5.0,4.0,4.0,6.0,5.0,5.0,6.0,3.0,5.0,6.0,6.0,5.0,6.0,6.0,6.0,4.0,4.0,4
225,1.0,1.0,1,2.0,2.0,5.0,4.0,5.0,6.0,6.0,4.0,4.0,4.0,4.0,3.0,3.0,5.0,5.0,5.0,5.0,5.0,5.0,4.0,4.0,4.0,5.0,4.0,5.0,4.0,4.0,4.0,5.0,4.0,5.0,5.0,5
226,1.0,1.0,1,2.0,2.0,6.0,5.0,7.0,7.0,2.0,6.0,6.0,4.0,6.0,4.0,5.0,5.0,7.0,6.0,4.0,6.0,5.0,5.0,6.0,7.0,6.0,5.0,5.0,6.0,7.0,5.0,5.0,6.0,7.0,6.0,7
227,1.0,1.0,1,2.0,1.0,4.0,4.0,7.0,7.0,7.0,7.0,1.0,7.0,7.0,7.0,7.0,6.0,6.0,7.0,6.0,6.0,7.0,6.0,6.0,7.0,7.0,6.0,7.0,7.0,6.0,7.0,6.0,7.0,7.0,7.0,7
228,3.0,2.0,2,3.0,1.0,2.0,7.0,7.0,7.0,1.0,3.0,7.0,1.0,2.0,3.0,7.0,7.0,7.0,5.0,7.0,7.0,7.0,4.0,3.0,2.0,4.0,3.0,2.0,1.0,4.0,4.0,3.0,4.0,1.0,1.0,1
229,3.0,2.0,2,3.0,2.0,7.0,7.0,7.0,7.0,7.0,6.0,6.0,6.0,6.0,6.0,7.0,7.0,6.0,7.0,7.0,6.0,4.0,4.0,3.0,4.0,3.0,3.0,2.0,3.0,6.0,3.0,3.0,3.0,2.0,1.0,1
230,2.0,2.0,2,2.0,1.0,2.0,5.0,7.0,7.0,7.0,5.0,5.0,2.0,7.0,6.0,2.0,4.0,3.0,3.0,3.0,3.0,3.0,4.0,3.0,3.0,2.0,3.0,3.0,2.0,2.0,2.0,2.0,2.0,7.0,5.0,3
231,1.0,1.0,1,1.0,2.0,3.0,2.0,3.0,3.0,3.0,7.0,6.0,6.0,6.0,6.0,2.0,2.0,2.0,3.0,4.0,4.0,1.0,3.0,3.0,2.0,3.0,4.0,7.0,4.0,3.0,2.0,6.0,6.0,6.0,5.0,4
232,2.0,1.0,1,2.0,1.0,7.0,7.0,7.0,7.0,7.0,7.0,7.0,7.0,7.0,7.0,7.0,7.0,7.0,7.0,7.0,3.0,4.0,7.0,3.0,4.0,7.0,4.0,4.0,7.0,7.0,7.0,7.0,7.0,7.0,7.0,7
233,2.0,2.0,2,1.0,2.0,3.0,2.0,5.0,2.0,3.0,3.0,3.0,3.0,3.0,3.0,3.0,2.0,2.0,3.0,3.0,3.0,4.0,3.0,3.0,3.0,3.0,4.0,4.0,2.0,3.0,4.0,3.0,3.0,4.0,4.0,3
234,1.0,1.0,1,2.0,2.0,6.0,4.0,6.0,7.0,7.0,4.0,5.0,5.0,3.0,3.0,4.0,6.0,6.0,7.0,5.0,5.0,6.0,5.0,6.0,7.0,6.0,4.0,2.0,3.0,2.0,2.0,2.0,5.0,4.0,2.0,2
235,1.0,2.0,1,1.0,1.0,4.0,5.0,5.0,7.0,4.0,5.0,6.0,2.0,7.0,5.0,6.0,5.0,5.0,6.0,5.0,6.0,5.0,5.0,5.0,6.0,6.0,6.0,6.0,5.0,7.0,7.0,7.0,6.0,6.0,6.0,7
236,1.0,2.0,2,1.0,1.0,5.0,4.0,4.0,6.0,4.0,3.0,4.0,4.0,3.0,3.0,3.0,6.0,3.0,6.0,6.0,3.0,3.0,3.0,3.0,3.0,3.0,3.0,3.0,3.0,3.0,3.0,3.0,3.0,5.0,3.0,3
237,1.0,2.0,1,2.0,2.0,7.0,7.0,7.0,7.0,7.0,7.0,7.0,7.0,7.0,7.0,7.0,7.0,7.0,7.0,7.0,3.0,4.0,7.0,3.0,4.0,7.0,4.0,4.0,7.0,7.0,7.0,7.0,7.0,7.0,7.0,7
238,2.0,2.0,2,1.0,1.0,7.0,7.0,7.0,7.0,7.0,6.0,6.0,6.0,6.0,6.0,6.0,7.0,7.0,7.0,7.0,6.0,6.0,6.0,5.0,5.0,5.0,5.0,5.0,5.0,5.0,5.0,5.0,5.0,6.0,6.0,6
239,1.0,2.0,1,1.0,1.0,6.0,6.0,7.0,7.0,7.0,6.0,5.0,7.0,7.0,7.0,6.0,7.0,7.0,7.0,7.0,6.0,7.0,6.0,7.0,7.0,7.0,7.0,7.0,4.0,7.0,7.0,7.0,7.0,7.0,7.0,6
240,1.0,2.0,1,1.0,1.0,7.0,7.0,7.0,7.0,7.0,6.0,5.0,7.0,7.0,7.0,6.0,7.0,7.0,7.0,7.0,7.0,7.0,6.0,7.0,7.0,7.0,7.0,7.0,5.0,7.0,7.0,7.0,7.0,7.0,7.0,6
241,1.0,2.0,2,1.0,2.0,7.0,7.0,7.0,7.0,7.0,6.0,6.0,7.0,7.0,7.0,6.0,7.0,7.0,7.0,7.0,6.0,7.0,6.0,7.0,7.0,7.0,7.0,7.0,7.0,7.0,7.0,7.0,7.0,5.0,6.0,7
242,1.0,2.0,1,1.0,1.0,7.0,7.0,7.0,7.0,7.0,7.0,6.0,6.0,7.0,7.0,7.0,6.0,7.0,7.0,7.0,6.0,7.0,7.0,6.0,7.0,7.0,7.0,7.0,4.0,7.0,7.0,7.0,7.0,7.0,7.0,6
243,1.0,2.0,1,2.0,1.0,7.0,7.0,7.0,7.0,7.0,7.0,7.0,7.0,7.0,7.0,7.0,7.0,7.0,7.0,7.0,3.0,4.0,7.0,3.0,4.0,7.0,4.0,4.0,7.0,7.0,7.0,7.0,7.0,7.0,7.0,7
244,3.0,1.0,2,1.0,2.0,7.0,7.0,7.0,7.0,7.0,6.0,6.0,7.0,7.0,7.0,6.0,7.0,7.0,7.0,7.0,7.0,7.0,6.0,7.0,7.0,7.0,7.0,7.0,4.0,6.0,7.0,7.0,7.0,7.0,7.0,6
245,1.0,2.0,1,1.0,1.0,7.0,7.0,7.0,7.0,7.0,6.0,6.0,7.0,7.0,7.0,6.0,7.0,7.0,7.0,7.0,6.0,7.0,6.0,7.0,7.0,7.0,7.0,7.0,4.0,7.0,7.0,7.0,7.0,7.0,7.0,7
246,1.0,2.0,1,1.0,1.0,7.0,7.0,7.0,7.0,7.0,6.0,6.0,7.0,7.0,7.0,2.0,7.0,7.0,7.0,7.0,5.0,1.0,6.0,7.0,7.0,3.0,3.0,7.0,3.0,7.0,3.0,5.0,7.0,5.0,6.0,7
247,1.0,2.0,2,1.0,2.0,7.0,7.0,5.0,7.0,7.0,6.0,5.0,7.0,7.0,7.0,6.0,7.0,7.0,7.0,7.0,6.0,6.0,6.0,7.0,7.0,7.0,7.0,7.0,4.0,7.0,7.0,7.0,7.0,7.0,7.0,6
248,1.0,1.0,1,1.0,1.0,7.0,7.0,7.0,7.0,7.0,6.0,6.0,7.0,7.0,7.0,3.0,1.0,7.0,7.0,7.0,6.0,1.0,3.0,1.0,6.0,6.0,4.0,6.0,7.0,7.0,6.0,6.0,6.0,6.0,6.0,2
249,1.0,2.0,1,1.0,1.0,7.0,7.0,7.0,7.0,7.0,6.0,6.0,7.0,7.0,7.0,5.0,7.0,7.0,7.0,7.0,6.0,1.0,4.0,7.0,7.0,7.0,5.0,6.0,3.0,7.0,7.0,7.0,6.0,7.0,6.0,5
250,1.0,1.0,1,1.0,1.0,7.0,7.0,5.0,5.0,7.0,6.0,7.0,7.0,5.0,6.0,6.0,6.0,6.0,7.0,6.0,6.0,6.0,6.0,6.0,6.0,6.0,6.0,5.0,6.0,6.0,6.0,7.0,4.0,6.0,7.0,5
251,1.0,1.0,1,2.0,1.0,7.0,7.0,7.0,7.0,7.0,5.0,6.0,7.0,7.0,7.0,7.0,7.0,7.0,7.0,7.0,5.0,5.0,5.0,6.0,6.0,6.0,6.0,6.0,3.0,4.0,4.0,4.0,5.0,3.0,2.0,3
252,1.0,1.0,1,1.0,1.0,7.0,7.0,7.0,7.0,7.0,7.0,7.0,7.0,7.0,7.0,7.0,7.0,7.0,7.0,7.0,7.0,7.0,7.0,7.0,7.0,6.0,7.0,6.0,7.0,6.0,7.0,6.0,5.0,7.0,6.0,5
253,1.0,2.0,1,1.0,2.0,7.0,7.0,7.0,7.0,7.0,7.0,7.0,7.0,7.0,7.0,7.0,7.0,7.0,7.0,7.0,7.0,7.0,7.0,7.0,7.0,7.0,7.0,7.0,5.0,7.0,7.0,7.0,7.0,7.0,5.0,3
254,1.0,1.0,1,1.0,2.0,7.0,7.0,7.0,7.0,7.0,7.0,7.0,7.0,7.0,7.0,7.0,7.0,7.0,7.0,7.0,7.0,7.0,7.0,7.0,7.0,7.0,7.0,7.0,5.0,5.0,7.0,6.0,7.0,7.0,5.0,3
255,2.0,2.0,2,1.0,2.0,7.0,7.0,7.0,7.0,7.0,7.0,7.0,7.0,7.0,7.0,7.0,7.0,7.0,7.0,7.0,7.0,7.0,7.0,7.0,7.0,7.0,7.0,7.0,5.0,5.0,7.0,6.0,7.0,7.0,5.0,3
256,1.0,1.0,1,1.0,1.0,7.0,7.0,7.0,7.0,7.0,7.0,7.0,7.0,7.0,7.0,7.0,7.0,7.0,7.0,7.0,7.0,7.0,7.0,7.0,7.0,7.0,7.0,7.0,5.0,5.0,7.0,6.0,7.0,7.0,5.0,3
257,1.0,1.0,1,1.0,2.0,1.0,1.0,1.0,1.0,1.0,7.0,1.0,1.0,1.0,1.0,1.0,1.0,1.0,1.0,1.0,7.0,7.0,7.0,7.0,7.0,7.0,7.0,7.0,5.0,5.0,7.0,6.0,7.0,7.0,5.0,3
258,1.0,2.0,1,3.0,2.0,7.0,7.0,7.0,7.0,7.0,7.0,7.0,7.0,7.0,7.0,7.0,7.0,7.0,7.0,7.0,7.0,7.0,7.0,7.0,7.0,7.0,7.0,7.0,5.0,5.0,3.0,6.0,7.0,7.0,5.0,3
259,3.0,1.0,2,1.0,1.0,7.0,7.0,7.0,7.0,7.0,6.0,7.0,7.0,7.0,7.0,6.0,7.0,7.0,7.0,7.0,6.0,7.0,6.0,6.0,6.0,6.0,6.0,5.0,6.0,6.0,5.0,7.0,6.0,7.0,6.0,7
260,1.0,1.0,1,3.0,2.0,7.0,7.0,6.0,6.0,6.0,5.0,5.0,5.0,6.0,6.0,6.0,7.0,5.0,5.0,7.0,4.0,6.0,4.0,4.0,3.0,5.0,3.0,5.0,5.0,4.0,6.0,5.0,4.0,3.0,2.0,2
261,1.0,2.0,1,2.0,1.0,6.0,4.0,5.0,6.0,5.0,4.0,4.0,4.0,4.0,2.0,4.0,5.0,3.0,5.0,5.0,4.0,3.0,3.0,4.0,5.0,6.0,4.0,5.0,4.0,4.0,4.0,4.0,2.0,7.0,5.0,4
262,1.0,2.0,1,2.0,1.0,5.0,5.0,5.0,5.0,5.0,2.0,3.0,3.0,2.0,3.0,3.0,2.0,3.0,3.0,3.0,3.0,3.0,3.0,1.0,2.0,3.0,4.0,3.0,6.0,5.0,5.0,5.0,7.0,4.0,1.0,1
263,1.0,2.0,1,1.0,1.0,7.0,7.0,7.0,7.0,7.0,5.0,7.0,3.0,3.0,4.0,7.0,7.0,7.0,7.0,7.0,1.0,1.0,5.0,2.0,4.0,3.0,4.0,4.0,4.0,3.0,5.0,5.0,4.0,5.0,3.0,6
264,1.0,1.0,1,3.0,1.0,7.0,7.0,7.0,7.0,7.0,7.0,7.0,7.0,7.0,7.0,7.0,7.0,7.0,7.0,7.0,7.0,7.0,7.0,7.0,7.0,7.0,7.0,7.0,7.0,7.0,7.0,7.0,7.0,6.0,5.0,5
265,2.0,2.0,2,3.0,1.0,5.0,4.0,5.0,5.0,5.0,5.0,5.0,3.0,4.0,2.0,5.0,5.0,7.0,7.0,7.0,1.0,3.0,5.0,2.0,3.0,3.0,4.0,1.0,4.0,3.0,2.0,4.0,3.0,6.0,4.0,3
266,3.0,1.0,1,1.0,2.0,7.0,6.0,7.0,6.0,7.0,6.0,5.0,6.0,7.0,6.0,7.0,7.0,6.0,7.0,7.0,4.0,2.0,5.0,4.0,3.0,4.0,3.0,5.0,3.0,2.0,2.0,2.0,4.0,6.0,3.0,5
267,1.0,1.0,1,2.0,1.0,4.0,3.0,5.0,4.0,5.0,4.0,4.0,5.0,4.0,4.0,3.0,4.0,4.0,5.0,5.0,4.0,4.0,5.0,2.0,3.0,4.0,4.0,7.0,5.0,4.0,5.0,6.0,6.0,5.0,5.0,6
268,1.0,2.0,2,3.0,2.0,1.0,1.0,1.0,1.0,1.0,7.0,7.0,7.0,7.0,1.0,1.0,1.0,7.0,1.0,1.0,1.0,1.0,1.0,1.0,1.0,1.0,1.0,7.0,1.0,7.0,1.0,1.0,1.0,7.0,7.0,1
269,1.0,2.0,1,1.0,2.0,4.0,2.0,4.0,3.0,3.0,4.0,5.0,4.0,4.0,4.0,3.0,4.0,4.0,4.0,4.0,2.0,2.0,3.0,4.0,4.0,4.0,3.0,4.0,4.0,4.0,5.0,5.0,5.0,5.0,5.0,5
270,1.0,2.0,1,1.0,2.0,7.0,5.0,7.0,6.0,6.0,5.0,6.0,6.0,5.0,2.0,7.0,7.0,7.0,7.0,7.0,1.0,2.0,1.0,3.0,4.0,5.0,3.0,3.0,1.0,1.0,1.0,3.0,3.0,3.0,5.0,5
271,1.0,2.0,1,2.0,1.0,7.0,7.0,7.0,7.0,7.0,6.0,6.0,7.0,6.0,6.0,7.0,7.0,7.0,7.0,7.0,7.0,7.0,7.0,7.0,7.0,7.0,7.0,7.0,6.0,7.0,7.0,5.0,7.0,5.0,5.0,1
272,1.0,2.0,1,3.0,1.0,7.0,7.0,7.0,7.0,7.0,6.0,5.0,7.0,6.0,4.0,6.0,5.0,7.0,7.0,7.0,5.0,6.0,5.0,5.0,3.0,1.0,2.0,5.0,4.0,4.0,4.0,6.0,2.0,7.0,6.0,2
273,2.0,1.0,2,1.0,2.0,7.0,5.0,7.0,7.0,7.0,7.0,7.0,3.0,7.0,3.0,7.0,7.0,6.0,7.0,7.0,4.0,3.0,6.0,6.0,6.0,7.0,7.0,2.0,4.0,5.0,5.0,3.0,2.0,1.0,3.0,2
274,1.0,2.0,1,2.0,2.0,3.0,3.0,4.0,4.0,4.0,6.0,7.0,4.0,6.0,5.0,4.0,4.0,4.0,4.0,3.0,5.0,6.0,5.0,6.0,5.0,4.0,5.0,5.0,1.0,2.0,4.0,4.0,4.0,7.0,7.0,7
275,2.0,2.0,2,2.0,2.0,4.0,4.0,4.0,3.0,3.0,4.0,2.0,3.0,2.0,1.0,5.0,5.0,4.0,3.0,4.0,5.0,5.0,3.0,3.0,3.0,3.0,2.0,4.0,2.0,4.0,5.0,5.0,4.0,6.0,5.0,4
276,2.0,2.0,1,2.0,2.0,4.0,3.0,4.0,3.0,3.0,4.0,2.0,3.0,2.0,1.0,5.0,4.0,4.0,4.0,4.0,4.0,4.0,3.0,3.0,3.0,3.0,2.0,4.0,2.0,4.0,4.0,5.0,4.0,6.0,5.0,4
277,1.0,2.0,1,3.0,1.0,7.0,7.0,6.0,1.0,7.0,7.0,7.0,7.0,7.0,1.0,7.0,7.0,7.0,7.0,7.0,1.0,1.0,7.0,7.0,7.0,7.0,7.0,7.0,7.0,1.0,1.0,1.0,7.0,7.0,7.0,1
278,2.0,2.0,2,3.0,2.0,2.0,1.0,4.0,2.0,2.0,4.0,1.0,3.0,1.0,3.0,3.0,4.0,2.0,2.0,1.0,1.0,7.0,6.0,3.0,3.0,6.0,2.0,1.0,2.0,2.0,1.0,1.0,3.0,2.0,2.0,2
279,2.0,2.0,2,2.0,1.0,7.0,4.0,7.0,5.0,5.0,6.0,7.0,7.0,5.0,1.0,6.0,7.0,7.0,7.0,7.0,3.0,6.0,5.0,5.0,4.0,5.0,5.0,6.0,7.0,6.0,5.0,6.0,6.0,3.0,1.0,3
280,1.0,1.0,1,3.0,1.0,7.0,4.0,7.0,5.0,5.0,6.0,7.0,7.0,5.0,1.0,6.0,7.0,7.0,7.0,7.0,3.0,6.0,5.0,5.0,4.0,5.0,5.0,6.0,7.0,6.0,5.0,6.0,6.0,3.0,1.0,3
281,1.0,1.0,1,1.0,2.0,6.0,7.0,7.0,6.0,6.0,5.0,5.0,5.0,4.0,4.0,6.0,4.0,6.0,6.0,6.0,5.0,4.0,6.0,6.0,4.0,5.0,6.0,4.0,5.0,5.0,5.0,4.0,5.0,4.0,4.0,6
282,1.0,2.0,1,1.0,2.0,5.0,5.0,5.0,5.0,5.0,7.0,7.0,5.0,7.0,7.0,6.0,6.0,6.0,5.0,6.0,3.0,1.0,1.0,6.0,6.0,4.0,6.0,7.0,6.0,5.0,5.0,4.0,5.0,6.0,6.0,6
283,1.0,2.0,1,1.0,1.0,5.0,4.0,4.0,3.0,5.0,5.0,4.0,4.0,3.0,6.0,2.0,5.0,2.0,3.0,2.0,4.0,6.0,2.0,3.0,1.0,3.0,2.0,3.0,5.0,5.0,3.0,3.0,6.0,3.0,1.0,6
284,1.0,2.0,1,2.0,1.0,4.0,4.0,4.0,4.0,4.0,6.0,6.0,5.0,6.0,6.0,5.0,3.0,4.0,4.0,6.0,5.0,5.0,4.0,6.0,3.0,3.0,3.0,4.0,3.0,4.0,5.0,3.0,4.0,3.0,5.0,6
285,1.0,1.0,1,2.0,1.0,7.0,7.0,7.0,7.0,7.0,7.0,6.0,4.0,2.0,1.0,5.0,5.0,5.0,5.0,6.0,6.0,5.0,7.0,5.0,5.0,5.0,5.0,5.0,4.0,5.0,5.0,4.0,6.0,4.0,6.0,6
286,2.0,1.0,2,1.0,2.0,7.0,5.0,5.0,4.0,5.0,5.0,5.0,5.0,5.0,5.0,5.0,5.0,4.0,5.0,5.0,5.0,5.0,5.0,4.0,4.0,4.0,4.0,4.0,4.0,4.0,4.0,4.0,4.0,5.0,4.0,4
287,3.0,2.0,2,3.0,1.0,7.0,4.0,3.0,6.0,5.0,7.0,7.0,5.0,6.0,4.0,7.0,7.0,5.0,7.0,7.0,2.0,1.0,1.0,5.0,6.0,4.0,5.0,6.0,1.0,2.0,2.0,3.0,3.0,7.0,7.0,5
288,2.0,1.0,2,1.0,2.0,4.0,5.0,4.0,7.0,6.0,6.0,6.0,5.0,4.0,6.0,5.0,6.0,5.0,6.0,6.0,4.0,4.0,5.0,5.0,4.0,6.0,5.0,5.0,4.0,5.0,5.0,5.0,4.0,5.0,5.0,4
289,2.0,1.0,2,1.0,1.0,7.0,7.0,7.0,7.0,2.0,5.0,6.0,7.0,6.0,5.0,7.0,7.0,7.0,7.0,7.0,5.0,4.0,5.0,5.0,5.0,5.0,4.0,3.0,7.0,7.0,7.0,7.0,7.0,5.0,3.0,6
290,1.0,1.0,1,2.0,2.0,4.0,1.0,2.0,2.0,4.0,6.0,6.0,4.0,3.0,3.0,6.0,3.0,6.0,6.0,7.0,5.0,6.0,5.0,6.0,5.0,5.0,5.0,6.0,5.0,6.0,6.0,6.0,7.0,6.0,6.0,7
291,1.0,2.0,1,2.0,2.0,7.0,7.0,7.0,7.0,7.0,6.0,5.0,6.0,7.0,6.0,7.0,7.0,6.0,7.0,7.0,6.0,4.0,4.0,4.0,4.0,4.0,4.0,4.0,6.0,4.0,4.0,5.0,6.0,2.0,1.0,1
292,2.0,2.0,2,1.0,1.0,7.0,7.0,7.0,7.0,7.0,7.0,6.0,7.0,7.0,7.0,7.0,7.0,7.0,7.0,7.0,5.0,6.0,5.0,6.0,6.0,5.0,6.0,6.0,6.0,6.0,6.0,3.0,5.0,5.0,4.0,3
293,2.0,1.0,2,3.0,1.0,5.0,5.0,5.0,5.0,5.0,5.0,7.0,7.0,7.0,7.0,5.0,5.0,5.0,7.0,7.0,7.0,2.0,4.0,6.0,5.0,6.0,6.0,7.0,4.0,5.0,4.0,4.0,6.0,4.0,4.0,2
294,2.0,2.0,1,2.0,1.0,7.0,7.0,7.0,7.0,7.0,6.0,7.0,4.0,5.0,4.0,7.0,7.0,7.0,7.0,7.0,4.0,5.0,6.0,4.0,5.0,5.0,4.0,6.0,2.0,3.0,5.0,4.0,4.0,5.0,1.0,1
295,3.0,2.0,2,2.0,2.0,2.0,3.0,6.0,5.0,5.0,3.0,4.0,6.0,6.0,6.0,5.0,6.0,3.0,4.0,4.0,3.0,3.0,3.0,4.0,3.0,7.0,7.0,5.0,4.0,5.0,5.0,4.0,4.0,2.0,7.0,6
296,2.0,1.0,1,3.0,1.0,6.0,6.0,7.0,6.0,5.0,7.0,6.0,6.0,6.0,6.0,7.0,6.0,5.0,5.0,7.0,7.0,7.0,6.0,6.0,5.0,4.0,7.0,5.0,6.0,5.0,5.0,6.0,7.0,7.0,7.0,6
297,3.0,2.0,2,3.0,2.0,2.0,1.0,1.0,1.0,1.0,5.0,7.0,7.0,5.0,7.0,5.0,2.0,2.0,2.0,7.0,5.0,7.0,5.0,6.0,5.0,7.0,5.0,4.0,5.0,7.0,5.0,7.0,6.0,7.0,6.0,6
298,2.0,2.0,1,2.0,1.0,6.0,7.0,7.0,6.0,7.0,7.0,6.0,6.0,6.0,5.0,6.0,7.0,6.0,6.0,6.0,4.0,6.0,5.0,5.0,5.0,6.0,6.0,5.0,5.0,5.0,5.0,6.0,1.0,7.0,7.0,5
299,1.0,1.0,1,3.0,1.0,3.0,6.0,3.0,2.0,6.0,6.0,4.0,2.0,7.0,4.0,5.0,4.0,7.0,3.0,3.0,3.0,5.0,5.0,5.0,4.0,7.0,5.0,3.0,5.0,4.0,3.0,6.0,5.0,4.0,5.0,5
300,1.0,2.0,1,3.0,1.0,7.0,7.0,7.0,7.0,7.0,6.0,7.0,7.0,7.0,7.0,7.0,6.0,7.0,7.0,7.0,7.0,2.0,6.0,5.0,6.0,6.0,6.0,7.0,5.0,6.0,6.0,5.0,4.0,4.0,1.0,3
301,1.0,2.0,1,2.0,2.0,7.0,7.0,7.0,7.0,7.0,4.0,5.0,6.0,4.0,1.0,1.0,7.0,7.0,7.0,7.0,3.0,7.0,7.0,5.0,7.0,6.0,5.0,5.0,7.0,6.0,7.0,7.0,7.0,4.0,1.0,3
302,1.0,2.0,1,2.0,1.0,7.0,7.0,7.0,7.0,4.0,6.0,7.0,3.0,4.0,6.0,5.0,7.0,3.0,1.0,7.0,7.0,7.0,7.0,7.0,7.0,6.0,6.0,7.0,7.0,7.0,7.0,7.0,7.0,7.0,7.0,7
303,1.0,1.0,1,3.0,1.0,7.0,7.0,7.0,7.0,7.0,5.0,5.0,6.0,7.0,7.0,7.0,7.0,7.0,7.0,7.0,4.0,4.0,5.0,5.0,4.0,4.0,4.0,5.0,4.0,4.0,4.0,4.0,4.0,4.0,4.0,4
304,1.0,2.0,1,3.0,1.0,7.0,3.0,7.0,7.0,7.0,7.0,7.0,7.0,7.0,7.0,6.0,7.0,7.0,7.0,7.0,7.0,7.0,7.0,7.0,7.0,6.0,7.0,7.0,4.0,4.0,4.0,5.0,7.0,4.0,2.0,2
305,2.0,1.0,1,2.0,1.0,7.0,7.0,4.0,2.0,1.0,4.0,3.0,2.0,7.0,6.0,1.0,5.0,4.0,3.0,1.0,5.0,6.0,3.0,1.0,7.0,4.0,1.0,6.0,1.0,5.0,3.0,6.0,4.0,5.0,4.0,4
306,1.0,1.0,1,3.0,1.0,2.0,7.0,5.0,7.0,2.0,4.0,4.0,2.0,4.0,1.0,4.0,1.0,5.0,3.0,6.0,5.0,6.0,6.0,5.0,4.0,7.0,5.0,5.0,5.0,5.0,4.0,4.0,6.0,5.0,1.0,7
307,2.0,2.0,1,3.0,2.0,5.0,6.0,6.0,4.0,5.0,6.0,4.0,5.0,5.0,4.0,5.0,3.0,1.0,6.0,4.0,5.0,5.0,4.0,5.0,5.0,4.0,4.0,5.0,4.0,4.0,3.0,5.0,5.0,5.0,5.0,5
308,1.0,2.0,1,3.0,1.0,4.0,6.0,7.0,7.0,7.0,7.0,7.0,2.0,2.0,7.0,7.0,7.0,7.0,7.0,7.0,7.0,7.0,7.0,7.0,7.0,7.0,7.0,7.0,7.0,7.0,7.0,7.0,7.0,7.0,7.0,7
309,1.0,2.0,1,3.0,1.0,7.0,7.0,7.0,7.0,1.0,5.0,4.0,1.0,4.0,4.0,5.0,6.0,5.0,5.0,7.0,4.0,6.0,3.0,5.0,5.0,4.0,4.0,4.0,1.0,3.0,3.0,3.0,4.0,4.0,5.0,5
310,1.0,2.0,1,3.0,1.0,1.0,6.0,5.0,5.0,3.0,7.0,5.0,5.0,4.0,3.0,4.0,4.0,4.0,4.0,4.0,4.0,5.0,4.0,5.0,4.0,4.0,3.0,4.0,4.0,5.0,4.0,4.0,5.0,7.0,6.0,6
311,1.0,1.0,1,3.0,1.0,5.0,5.0,4.0,6.0,4.0,5.0,6.0,1.0,7.0,5.0,3.0,7.0,7.0,5.0,7.0,4.0,5.0,5.0,4.0,3.0,4.0,4.0,3.0,5.0,5.0,5.0,4.0,5.0,5.0,5.0,4
312,2.0,1.0,1,3.0,1.0,5.0,6.0,5.0,7.0,6.0,6.0,6.0,6.0,6.0,5.0,6.0,6.0,6.0,6.0,5.0,6.0,4.0,5.0,6.0,5.0,5.0,5.0,5.0,6.0,5.0,6.0,6.0,3.0,6.0,6.0,5
313,1.0,2.0,1,3.0,2.0,7.0,7.0,7.0,7.0,7.0,4.0,4.0,4.0,5.0,5.0,5.0,7.0,7.0,7.0,7.0,4.0,7.0,7.0,6.0,5.0,6.0,6.0,6.0,4.0,5.0,4.0,4.0,4.0,4.0,1.0,1
314,1.0,1.0,1,3.0,1.0,6.0,7.0,6.0,6.0,6.0,5.0,5.0,5.0,6.0,5.0,7.0,7.0,7.0,7.0,7.0,6.0,2.0,1.0,5.0,4.0,5.0,6.0,5.0,1.0,5.0,4.0,5.0,7.0,5.0,6.0,4
315,1.0,2.0,1,2.0,2.0,7.0,7.0,7.0,7.0,7.0,6.0,7.0,4.0,5.0,4.0,7.0,7.0,7.0,7.0,7.0,4.0,5.0,6.0,4.0,5.0,5.0,4.0,6.0,2.0,3.0,5.0,4.0,4.0,5.0,1.0,1
316,1.0,1.0,1,2.0,2.0,7.0,7.0,7.0,7.0,1.0,7.0,7.0,7.0,7.0,6.0,7.0,7.0,7.0,7.0,6.0,4.0,2.0,3.0,4.0,6.0,6.0,5.0,4.0,3.0,3.0,2.0,4.0,4.0,1.0,1.0,1
317,1.0,2.0,1,1.0,2.0,1.0,1.0,1.0,1.0,1.0,4.0,4.0,4.0,4.0,6.0,3.0,4.0,4.0,2.0,1.0,3.0,3.0,2.0,5.0,5.0,4.0,4.0,3.0,3.0,3.0,2.0,2.0,2.0,7.0,6.0,6
318,1.0,2.0,1,1.0,1.0,7.0,7.0,7.0,7.0,7.0,4.0,6.0,2.0,5.0,7.0,6.0,7.0,7.0,7.0,7.0,1.0,2.0,2.0,7.0,6.0,6.0,6.0,7.0,1.0,2.0,6.0,5.0,1.0,7.0,1.0,3
319,1.0,2.0,1,1.0,1.0,4.0,5.0,3.0,5.0,7.0,4.0,5.0,5.0,5.0,5.0,5.0,7.0,4.0,5.0,5.0,5.0,4.0,5.0,5.0,5.0,6.0,5.0,5.0,3.0,2.0,6.0,4.0,5.0,3.0,5.0,4
320,1.0,1.0,1,1.0,1.0,1.0,1.0,1.0,1.0,2.0,7.0,7.0,7.0,6.0,3.0,2.0,1.0,1.0,5.0,3.0,6.0,3.0,6.0,6.0,6.0,5.0,5.0,5.0,2.0,3.0,2.0,3.0,3.0,6.0,7.0,6
321,2.0,1.0,1,1.0,2.0,2.0,4.0,7.0,5.0,4.0,2.0,7.0,5.0,3.0,4.0,1.0,6.0,4.0,6.0,3.0,1.0,3.0,5.0,4.0,4.0,3.0,7.0,1.0,4.0,7.0,5.0,5.0,3.0,6.0,2.0,6
322,2.0,1.0,2,1.0,2.0,7.0,7.0,7.0,7.0,7.0,6.0,5.0,7.0,7.0,6.0,6.0,6.0,6.0,6.0,7.0,4.0,3.0,3.0,6.0,6.0,7.0,7.0,6.0,3.0,3.0,4.0,4.0,7.0,4.0,5.0,4
323,1.0,1.0,2,2.0,1.0,4.0,5.0,5.0,6.0,4.0,4.0,5.0,4.0,5.0,4.0,3.0,4.0,5.0,3.0,5.0,4.0,6.0,5.0,6.0,4.0,3.0,4.0,3.0,7.0,3.0,4.0,6.0,6.0,3.0,5.0,4
324,2.0,2.0,1,3.0,1.0,4.0,5.0,5.0,7.0,7.0,7.0,7.0,5.0,4.0,4.0,7.0,7.0,7.0,4.0,7.0,4.0,5.0,5.0,4.0,4.0,5.0,5.0,5.0,5.0,5.0,4.0,4.0,4.0,4.0,6.0,5
325,3.0,1.0,1,3.0,1.0,7.0,7.0,7.0,7.0,7.0,6.0,6.0,6.0,6.0,6.0,7.0,7.0,6.0,7.0,7.0,6.0,4.0,4.0,3.0,4.0,3.0,3.0,2.0,3.0,6.0,3.0,3.0,3.0,2.0,1.0,1
326,1.0,1.0,1,1.0,1.0,5.0,5.0,5.0,4.0,4.0,5.0,4.0,3.0,5.0,4.0,4.0,6.0,4.0,4.0,3.0,5.0,5.0,4.0,4.0,4.0,6.0,5.0,5.0,4.0,5.0,4.0,5.0,5.0,5.0,5.0,5
327,1.0,1.0,1,3.0,1.0,5.0,6.0,7.0,7.0,6.0,5.0,6.0,6.0,6.0,7.0,6.0,4.0,7.0,5.0,5.0,5.0,6.0,4.0,5.0,5.0,5.0,6.0,6.0,6.0,5.0,5.0,5.0,5.0,5.0,5.0,5
328,1.0,2.0,1,1.0,2.0,2.0,2.0,2.0,2.0,5.0,6.0,5.0,3.0,5.0,1.0,5.0,1.0,2.0,6.0,3.0,2.0,3.0,2.0,6.0,2.0,2.0,3.0,6.0,2.0,3.0,3.0,3.0,2.0,7.0,4.0,4
